0,0,0,"",09:00:00,21:00:00,37.540507,55.631699,09:00:00,09:00:00,09:15:00
0,1,0,"",09:00:00,21:00:00,37.540507,55.631699,09:15:00,09:15:00,09:30:00
0,2,376,"",09:00:00,21:00:00,37.540739,55.623508,09:35:39,09:35:39,09:50:39
0,3,85,"",09:00:00,21:00:00,37.538554,55.622139,09:52:24,09:52:24,10:07:24
0,4,450,"",09:00:00,21:00:00,37.526412,55.631633,10:16:21,10:16:21,10:31:21
0,5,93,"",09:00:00,21:00:00,37.48993,55.610477,10:45:33,10:45:33,11:00:33
0,6,4,"",09:00:00,21:00:00,37.49225,55.609456,11:02:30,11:02:30,11:17:30
0,7,378,"",09:00:00,21:00:00,37.497756,55.600899,11:27:51,11:27:51,11:42:51
0,8,468,"",09:00:00,21:00:00,37.516902,55.617833,11:54:57,11:54:57,12:09:57
0,9,421,"",09:00:00,21:00:00,37.513156,55.626288,12:16:33,12:16:33,12:31:33
0,10,288,"",09:00:00,21:00:00,37.496724,55.62961,12:37:33,12:37:33,12:52:33
0,11,350,"",09:00:00,21:00:00,37.500546,55.627701,12:53:30,12:53:30,13:08:30
0,12,170,"",09:00:00,21:00:00,37.499048,55.601859,13:26:21,13:26:21,13:41:21
0,13,610,"",09:00:00,21:00:00,37.472139,55.604573,13:53:54,13:53:54,14:08:54
0,14,158,"",09:00:00,21:00:00,37.473594,55.598114,14:14:51,14:14:51,14:29:51
0,15,202,"",09:00:00,21:00:00,37.463411,55.597975,14:45:15,14:45:15,15:00:15
0,16,512,"",09:00:00,21:00:00,37.463709,55.589336,15:29:06,15:29:06,15:44:06
0,17,615,"",09:00:00,21:00:00,37.456968,55.576462,15:55:30,15:55:30,16:10:30
0,18,336,"",09:00:00,21:00:00,37.456717,55.57534,16:10:45,16:10:45,16:25:45
0,19,459,"",09:00:00,21:00:00,37.463383,55.58015,16:28:09,16:28:09,16:43:09
0,20,796,"",09:00:00,21:00:00,37.483264,55.604573,16:52:54,16:52:54,17:07:54
0,21,663,"",09:00:00,21:00:00,37.374772,55.57284,17:47:06,17:47:06,18:02:06
0,22,912,"",09:00:00,21:00:00,37.384156,55.581028,18:15:42,18:15:42,18:30:42
0,23,143,"",09:00:00,21:00:00,37.390599,55.562352,18:48:18,18:48:18,19:03:18
0,24,849,"",09:00:00,21:00:00,37.38627,55.566532,19:07:06,19:07:06,19:22:06
0,25,393,"",09:00:00,21:00:00,37.406404,55.564223,19:31:24,19:31:24,19:46:24
0,26,53,"",09:00:00,21:00:00,37.405121,55.563802,19:47:30,19:47:30,20:02:30
0,27,701,"",09:00:00,21:00:00,37.404859,55.567633,20:05:57,20:05:57,20:20:57
0,28,37,"",09:00:00,21:00:00,37.39629,55.590468,20:43:24,20:43:24,20:58:24
1,0,699,"",09:00:00,21:00:00,37.402388,55.577012,09:00:00,09:00:00,09:15:00
1,1,470,"",09:00:00,21:00:00,37.398866,55.581343,09:20:00,09:20:00,09:35:00
1,2,466,"",09:00:00,21:00:00,37.417497,55.586033,09:47:27,09:47:27,10:02:27
1,3,891,"",09:00:00,21:00:00,37.413097,55.57426,10:11:00,10:11:00,10:26:00
1,4,621,"",09:00:00,21:00:00,37.448964,55.573133,10:49:30,10:49:30,11:04:30
1,5,592,"",09:00:00,21:00:00,37.436349,55.567642,11:29:54,11:29:54,11:44:54
1,6,209,"",09:00:00,21:00:00,37.423717,55.583928,12:09:54,12:09:54,12:24:54
1,7,952,"",09:00:00,21:00:00,37.427188,55.580211,12:24:54,12:24:54,12:39:54
1,8,206,"",09:00:00,21:00:00,37.437398,55.583405,12:51:36,12:51:36,13:06:36
1,9,265,"",09:00:00,21:00:00,37.442109,55.580108,13:13:00,13:13:00,13:28:00
1,10,946,"",09:00:00,21:00:00,37.438134,55.577789,13:31:57,13:31:57,13:46:57
1,11,751,"",09:00:00,21:00:00,37.468905,55.577655,14:06:51,14:06:51,14:21:51
1,12,132,"",09:00:00,21:00:00,37.484258,55.573336,14:27:48,14:27:48,14:42:48
1,13,84,"",09:00:00,21:00:00,37.512236,55.58267,14:59:48,14:59:48,15:14:48
1,14,535,"",09:00:00,21:00:00,37.51437,55.575929,15:23:45,15:23:45,15:38:45
1,15,140,"",09:00:00,21:00:00,37.508075,55.590034,16:20:15,16:20:15,16:35:15
1,16,428,"",09:00:00,21:00:00,37.4852,55.577781,17:10:18,17:10:18,17:25:18
1,17,824,"",09:00:00,21:00:00,37.486123,55.581009,17:29:06,17:29:06,17:44:06
1,18,670,"",09:00:00,21:00:00,37.48097,55.565906,17:54:45,17:54:45,18:09:45
1,19,921,"",09:00:00,21:00:00,37.516854,55.562375,18:29:09,18:29:09,18:44:09
1,20,472,"",09:00:00,21:00:00,37.507605,55.565925,19:02:54,19:02:54,19:17:54
1,21,120,"",09:00:00,21:00:00,37.501969,55.563638,19:22:48,19:22:48,19:37:48
1,22,259,"",09:00:00,21:00:00,37.505977,55.561214,19:50:21,19:50:21,20:05:21
2,0,901,"",09:00:00,21:00:00,37.422074,55.594758,09:00:00,09:00:00,09:15:00
2,1,888,"",09:00:00,21:00:00,37.434505,55.594669,09:28:12,09:28:12,09:43:12
2,2,324,"",09:00:00,21:00:00,37.467701,55.577195,10:02:36,10:02:36,10:17:36
2,3,330,"",09:00:00,21:00:00,37.459392,55.608664,10:35:42,10:35:42,10:50:42
2,4,767,"",09:00:00,21:00:00,37.46915,55.613392,10:57:09,10:57:09,11:12:09
2,5,778,"",09:00:00,21:00:00,37.430547,55.604181,11:28:12,11:28:12,11:43:12
2,6,367,"",09:00:00,21:00:00,37.44876,55.61948,11:58:24,11:58:24,12:13:24
2,7,787,"",09:00:00,21:00:00,37.446268,55.622447,12:15:45,12:15:45,12:30:45
2,8,433,"",09:00:00,21:00:00,37.435905,55.623135,12:35:12,12:35:12,12:50:12
2,9,149,"",09:00:00,21:00:00,37.43564,55.632126,12:57:21,12:57:21,13:12:21
2,10,724,"",09:00:00,21:00:00,37.442891,55.645146,13:24:57,13:24:57,13:39:57
2,11,122,"",09:00:00,21:00:00,37.449398,55.637372,13:49:00,13:49:00,14:04:00
2,12,13,"",09:00:00,21:00:00,37.442535,55.633694,14:07:39,14:07:39,14:22:39
2,13,267,"",09:00:00,21:00:00,37.420392,55.610474,14:48:57,14:48:57,15:03:57
2,14,153,"",09:00:00,21:00:00,37.43057,55.615379,15:22:03,15:22:03,15:37:03
2,15,9,"",09:00:00,21:00:00,37.427814,55.627802,15:42:39,15:42:39,15:57:39
2,16,723,"",09:00:00,21:00:00,37.454618,55.628804,16:37:33,16:37:33,16:52:33
2,17,774,"",09:00:00,21:00:00,37.47683,55.61938,17:16:57,17:16:57,17:31:57
2,18,174,"",09:00:00,21:00:00,37.508863,55.601742,17:54:21,17:54:21,18:09:21
2,19,77,"",09:00:00,21:00:00,37.531738,55.597475,18:20:21,18:20:21,18:35:21
2,20,27,"",09:00:00,21:00:00,37.565315,55.595522,18:46:51,18:46:51,19:01:51
2,21,720,"",09:00:00,21:00:00,37.544247,55.597705,19:13:36,19:13:36,19:28:36
2,22,538,"",09:00:00,21:00:00,37.541482,55.587586,19:38:33,19:38:33,19:53:33
2,23,268,"",09:00:00,21:00:00,37.528623,55.561854,20:17:27,20:17:27,20:32:27
3,0,539,"",09:00:00,21:00:00,37.59077,55.56398,09:00:00,09:00:00,09:15:00
3,1,292,"",09:00:00,21:00:00,37.59048,55.569113,09:21:12,09:21:12,09:36:12
3,2,889,"",09:00:00,21:00:00,37.575881,55.56875,09:40:48,09:40:48,09:55:48
3,3,797,"",09:00:00,21:00:00,37.598776,55.576785,10:05:09,10:05:09,10:20:09
3,4,448,"",09:00:00,21:00:00,37.585002,55.578866,10:23:00,10:23:00,10:38:00
3,5,872,"",09:00:00,21:00:00,37.598233,55.591698,10:47:03,10:47:03,11:02:03
3,6,595,"",09:00:00,21:00:00,37.589053,55.581845,11:11:54,11:11:54,11:26:54
3,7,281,"",09:00:00,21:00:00,37.60809,55.575217,11:35:57,11:35:57,11:50:57
3,8,194,"",09:00:00,21:00:00,37.655751,55.561792,12:19:36,12:19:36,12:34:36
3,9,686,"",09:00:00,21:00:00,37.550258,55.572993,13:40:33,13:40:33,13:55:33
3,10,935,"",09:00:00,21:00:00,37.547729,55.576784,14:35:33,14:35:33,14:50:33
3,11,644,"",09:00:00,21:00:00,37.543771,55.592903,15:27:24,15:27:24,15:42:24
3,12,890,"",09:00:00,21:00:00,37.538674,55.644079,16:08:45,16:08:45,16:23:45
3,13,341,"",09:00:00,21:00:00,37.539114,55.647613,16:27:51,16:27:51,16:42:51
3,14,857,"",09:00:00,21:00:00,37.569641,55.643815,16:52:00,16:52:00,17:07:00
3,15,436,"",09:00:00,21:00:00,37.579368,55.64617,17:11:42,17:11:42,17:26:42
3,16,898,"",09:00:00,21:00:00,37.586798,55.645273,17:30:21,17:30:21,17:45:21
3,17,369,"",09:00:00,21:00:00,37.577704,55.62798,17:54:45,17:54:45,18:09:45
3,18,107,"",09:00:00,21:00:00,37.596677,55.642977,18:17:09,18:17:09,18:32:09
3,19,439,"",09:00:00,21:00:00,37.597799,55.647473,18:35:21,18:35:21,18:50:21
3,20,632,"",09:00:00,21:00:00,37.624251,55.662988,18:59:39,18:59:39,19:14:39
3,21,282,"",09:00:00,21:00:00,37.647686,55.659739,19:27:06,19:27:06,19:42:06
3,22,442,"",09:00:00,21:00:00,37.649948,55.666535,19:47:51,19:47:51,20:02:51
3,23,400,"",09:00:00,21:00:00,37.651658,55.673425,20:08:36,20:08:36,20:23:36
3,24,302,"",09:00:00,21:00:00,37.646593,55.67161,20:28:51,20:28:51,20:43:51
4,0,384,"",09:00:00,21:00:00,37.688127,55.677795,09:00:00,09:00:00,09:15:00
4,1,154,"",09:00:00,21:00:00,37.688463,55.676972,09:15:39,09:15:39,09:30:39
4,2,871,"",09:00:00,21:00:00,37.705964,55.676135,09:36:30,09:36:30,09:51:30
4,3,649,"",09:00:00,21:00:00,37.696873,55.685659,10:01:45,10:01:45,10:16:45
4,4,135,"",09:00:00,21:00:00,37.677209,55.679912,10:23:06,10:23:06,10:38:06
4,5,622,"",09:00:00,21:00:00,37.654127,55.679106,10:46:54,10:46:54,11:01:54
4,6,569,"",09:00:00,21:00:00,37.637714,55.674454,11:09:24,11:09:24,11:24:24
4,7,661,"",09:00:00,21:00:00,37.64617,55.674676,11:34:30,11:34:30,11:49:30
4,8,697,"",09:00:00,21:00:00,37.630698,55.676967,12:01:06,12:01:06,12:16:06
4,9,193,"",09:00:00,21:00:00,37.676883,55.684847,12:32:36,12:32:36,12:47:36
4,10,575,"",09:00:00,21:00:00,37.663193,55.659872,13:00:09,13:00:09,13:15:09
4,11,45,"",09:00:00,21:00:00,37.636484,55.646688,13:33:36,13:33:36,13:48:36
4,12,54,"",09:00:00,21:00:00,37.6495,55.646639,13:57:15,13:57:15,14:12:15
4,13,775,"",09:00:00,21:00:00,37.66036,55.64387,14:14:30,14:14:30,14:29:30
4,14,704,"",09:00:00,21:00:00,37.681555,55.626311,14:39:42,14:39:42,14:54:42
4,15,733,"",09:00:00,21:00:00,37.674961,55.626692,14:57:18,14:57:18,15:12:18
4,16,407,"",09:00:00,21:00:00,37.6806,55.631293,15:19:09,15:19:09,15:34:09
4,17,183,"",09:00:00,21:00:00,37.660945,55.620484,15:45:45,15:45:45,16:00:45
4,18,709,"",09:00:00,21:00:00,37.663347,55.625383,16:08:09,16:08:09,16:23:09
4,19,494,"",09:00:00,21:00:00,37.642273,55.635354,16:35:09,16:35:09,16:50:09
4,20,596,"",09:00:00,21:00:00,37.639035,55.612723,17:07:09,17:07:09,17:22:09
4,21,926,"",09:00:00,21:00:00,37.638844,55.61555,17:23:12,17:23:12,17:38:12
4,22,521,"",09:00:00,21:00:00,37.649919,55.620769,17:52:09,17:52:09,18:07:09
4,23,479,"",09:00:00,21:00:00,37.652266,55.600935,18:25:57,18:25:57,18:40:57
4,24,664,"",09:00:00,21:00:00,37.658771,55.606581,18:51:42,18:51:42,19:06:42
4,25,788,"",09:00:00,21:00:00,37.683838,55.622055,19:20:00,19:20:00,19:35:00
4,26,354,"",09:00:00,21:00:00,37.697732,55.631245,19:43:33,19:43:33,19:58:33
4,27,129,"",09:00:00,21:00:00,37.687995,55.626573,20:00:21,20:00:21,20:15:21
5,0,245,"",09:00:00,21:00:00,37.730515,55.585154,09:00:00,09:00:00,09:15:00
5,1,321,"",09:00:00,21:00:00,37.717255,55.609505,09:25:12,09:25:12,09:40:12
5,2,780,"",09:00:00,21:00:00,37.706759,55.619475,09:45:45,09:45:45,10:00:45
5,3,71,"",09:00:00,21:00:00,37.736108,55.578006,10:22:57,10:22:57,10:37:57
5,4,916,"",09:00:00,21:00:00,37.671846,55.56511,11:15:27,11:15:27,11:30:27
5,5,825,"",09:00:00,21:00:00,37.669002,55.569175,11:32:45,11:32:45,11:47:45
5,6,276,"",09:00:00,21:00:00,37.696731,55.576136,12:08:39,12:08:39,12:23:39
5,7,403,"",09:00:00,21:00:00,37.701208,55.582151,12:30:03,12:30:03,12:45:03
5,8,221,"",09:00:00,21:00:00,37.707695,55.576033,13:03:15,13:03:15,13:18:15
5,9,303,"",09:00:00,21:00:00,37.712965,55.573505,13:34:27,13:34:27,13:49:27
5,10,553,"",09:00:00,21:00:00,37.71796,55.578028,14:09:42,14:09:42,14:24:42
5,11,543,"",09:00:00,21:00:00,37.73208,55.594481,14:53:00,14:53:00,15:08:00
5,12,528,"",09:00:00,21:00:00,37.700076,55.612327,15:21:51,15:21:51,15:36:51
5,13,333,"",09:00:00,21:00:00,37.681473,55.574178,15:58:42,15:58:42,16:13:42
5,14,743,"",09:00:00,21:00:00,37.685717,55.587082,16:20:18,16:20:18,16:35:18
5,15,179,"",09:00:00,21:00:00,37.662325,55.576769,16:47:30,16:47:30,17:02:30
5,16,906,"",09:00:00,21:00:00,37.670623,55.581742,17:08:12,17:08:12,17:23:12
5,17,505,"",09:00:00,21:00:00,37.744421,55.580152,17:50:15,17:50:15,18:05:15
5,18,124,"",09:00:00,21:00:00,37.74241,55.576007,18:16:45,18:16:45,18:31:45
5,19,6,"",09:00:00,21:00:00,37.766771,55.563737,18:42:48,18:42:48,18:57:48
5,20,568,"",09:00:00,21:00:00,37.793041,55.571237,19:32:51,19:32:51,19:47:51
6,0,385,"",09:00:00,21:00:00,37.79543,55.57398,09:00:00,09:00:00,09:15:00
6,1,740,"",09:00:00,21:00:00,37.800236,55.568126,09:56:18,09:56:18,10:11:18
6,2,633,"",09:00:00,21:00:00,37.818986,55.563994,10:18:18,10:18:18,10:33:18
6,3,426,"",09:00:00,21:00:00,37.820684,55.562815,10:34:33,10:34:33,10:49:33
6,4,693,"",09:00:00,21:00:00,37.84497,55.570324,10:58:57,10:58:57,11:13:57
6,5,239,"",09:00:00,21:00:00,37.862614,55.563701,11:24:18,11:24:18,11:39:18
6,6,188,"",09:00:00,21:00:00,37.864654,55.57637,11:55:45,11:55:45,12:10:45
6,7,10,"",09:00:00,21:00:00,37.849581,55.583875,12:25:27,12:25:27,12:40:27
6,8,246,"",09:00:00,21:00:00,37.839793,55.583552,12:45:51,12:45:51,13:00:51
6,9,861,"",09:00:00,21:00:00,37.85563,55.589263,13:15:42,13:15:42,13:30:42
6,10,730,"",09:00:00,21:00:00,37.862597,55.596152,14:00:24,14:00:24,14:15:24
6,11,344,"",09:00:00,21:00:00,37.859435,55.595682,14:17:39,14:17:39,14:32:39
6,12,232,"",09:00:00,21:00:00,37.858255,55.595909,14:33:33,14:33:33,14:48:33
6,13,110,"",09:00:00,21:00:00,37.867256,55.603671,15:13:18,15:13:18,15:28:18
6,14,514,"",09:00:00,21:00:00,37.859796,55.609534,15:38:09,15:38:09,15:53:09
6,15,647,"",09:00:00,21:00:00,37.851294,55.596031,16:23:12,16:23:12,16:38:12
6,16,817,"",09:00:00,21:00:00,37.815312,55.583857,17:19:51,17:19:51,17:34:51
6,17,672,"",09:00:00,21:00:00,37.813676,55.579236,17:40:15,17:40:15,17:55:15
6,18,475,"",09:00:00,21:00:00,37.82156,55.581349,18:14:27,18:14:27,18:29:27
6,19,706,"",09:00:00,21:00:00,37.819043,55.566526,19:03:09,19:03:09,19:18:09
6,20,803,"",09:00:00,21:00:00,37.762482,55.570045,19:38:36,19:38:36,19:53:36
6,21,272,"",09:00:00,21:00:00,37.747615,55.585539,20:04:03,20:04:03,20:19:03
6,22,416,"",09:00:00,21:00:00,37.753938,55.584436,20:24:39,20:24:39,20:39:39
6,23,963,"",09:00:00,21:00:00,37.756959,55.583165,20:42:30,20:42:30,20:57:30
7,0,678,"",09:00:00,21:00:00,37.774192,55.575225,09:00:00,09:00:00,09:15:00
7,1,380,"",09:00:00,21:00:00,37.767563,55.575051,09:17:36,09:17:36,09:32:36
7,2,694,"",09:00:00,21:00:00,37.770616,55.578268,09:37:36,09:37:36,09:52:36
7,3,806,"",09:00:00,21:00:00,37.778799,55.581225,09:56:12,09:56:12,10:11:12
7,4,549,"",09:00:00,21:00:00,37.800309,55.581407,10:21:06,10:21:06,10:36:06
7,5,462,"",09:00:00,21:00:00,37.775037,55.588609,10:47:18,10:47:18,11:02:18
7,6,585,"",09:00:00,21:00:00,37.764956,55.595724,11:09:54,11:09:54,11:24:54
7,7,102,"",09:00:00,21:00:00,37.775579,55.598912,11:30:15,11:30:15,11:45:15
7,8,46,"",09:00:00,21:00:00,37.795964,55.59275,11:55:24,11:55:24,12:10:24
7,9,769,"",09:00:00,21:00:00,37.80239,55.594301,12:27:12,12:27:12,12:42:12
7,10,602,"",09:00:00,21:00:00,37.827746,55.601534,12:57:30,12:57:30,13:12:30
7,11,111,"",09:00:00,21:00:00,37.811773,55.611206,13:23:21,13:23:21,13:38:21
7,12,805,"",09:00:00,21:00:00,37.804379,55.611191,13:41:06,13:41:06,13:56:06
7,13,438,"",09:00:00,21:00:00,37.783545,55.609757,14:12:27,14:12:27,14:27:27
7,14,387,"",09:00:00,21:00:00,37.748678,55.625392,14:43:09,14:43:09,14:58:09
7,15,274,"",09:00:00,21:00:00,37.748296,55.616865,15:07:51,15:07:51,15:22:51
7,16,558,"",09:00:00,21:00:00,37.7577,55.609633,15:34:21,15:34:21,15:49:21
7,17,469,"",09:00:00,21:00:00,37.746624,55.603134,15:54:15,15:54:15,16:09:15
7,18,42,"",09:00:00,21:00:00,37.747351,55.603142,16:09:18,16:09:18,16:24:18
7,19,746,"",09:00:00,21:00:00,37.774766,55.562008,17:06:57,17:06:57,17:21:57
7,20,858,"",09:00:00,21:00:00,37.738046,55.621055,18:01:15,18:01:15,18:16:15
7,21,96,"",09:00:00,21:00:00,37.748196,55.64231,18:26:21,18:26:21,18:41:21
7,22,30,"",09:00:00,21:00:00,37.745216,55.651721,18:45:18,18:45:18,19:00:18
7,23,60,"",09:00:00,21:00:00,37.735475,55.6659,19:10:03,19:10:03,19:25:03
7,24,80,"",09:00:00,21:00:00,37.737453,55.669409,19:29:15,19:29:15,19:44:15
7,25,496,"",09:00:00,21:00:00,37.727554,55.673651,19:53:24,19:53:24,20:08:24
7,26,340,"",09:00:00,21:00:00,37.712069,55.687186,20:19:27,20:19:27,20:34:27
8,0,98,"",09:00:00,21:00:00,37.704591,55.731832,09:00:00,09:00:00,09:15:00
8,1,501,"",09:00:00,21:00:00,37.721046,55.704162,09:39:18,09:39:18,09:54:18
8,2,485,"",09:00:00,21:00:00,37.726163,55.699949,10:00:27,10:00:27,10:15:27
8,3,375,"",09:00:00,21:00:00,37.73705,55.671473,10:32:24,10:32:24,10:47:24
8,4,510,"",09:00:00,21:00:00,37.75494,55.687935,10:56:42,10:56:42,11:11:42
8,5,655,"",09:00:00,21:00:00,37.735434,55.69173,11:18:30,11:18:30,11:33:30
8,6,790,"",09:00:00,21:00:00,37.746241,55.674595,11:40:42,11:40:42,11:55:42
8,7,492,"",09:00:00,21:00:00,37.742929,55.69456,12:06:09,12:06:09,12:21:09
8,8,503,"",09:00:00,21:00:00,37.745806,55.697877,12:23:18,12:23:18,12:38:18
8,9,841,"",09:00:00,21:00:00,37.764327,55.70186,12:43:42,12:43:42,12:58:42
8,10,402,"",09:00:00,21:00:00,37.766941,55.712537,13:12:48,13:12:48,13:27:48
8,11,196,"",09:00:00,21:00:00,37.784705,55.699278,13:45:06,13:45:06,14:00:06
8,12,227,"",09:00:00,21:00:00,37.776459,55.700728,14:04:30,14:04:30,14:19:30
8,13,32,"",09:00:00,21:00:00,37.774705,55.700426,14:20:21,14:20:21,14:35:21
8,14,727,"",09:00:00,21:00:00,37.721352,55.718985,15:10:57,15:10:57,15:25:57
8,15,843,"",09:00:00,21:00:00,37.750804,55.725374,15:52:39,15:52:39,16:07:39
8,16,490,"",09:00:00,21:00:00,37.755989,55.720116,16:15:00,16:15:00,16:30:00
8,17,332,"",09:00:00,21:00:00,37.774793,55.729909,16:40:33,16:40:33,16:55:33
8,18,51,"",09:00:00,21:00:00,37.730392,55.723887,17:06:54,17:06:54,17:21:54
8,19,716,"",09:00:00,21:00:00,37.760555,55.715098,17:29:24,17:29:24,17:44:24
8,20,536,"",09:00:00,21:00:00,37.75544,55.717857,17:45:57,17:45:57,18:00:57
8,21,634,"",09:00:00,21:00:00,37.79353,55.702812,18:13:06,18:13:06,18:28:06
8,22,772,"",09:00:00,21:00:00,37.78714,55.692911,18:32:57,18:32:57,18:47:57
8,23,517,"",09:00:00,21:00:00,37.786579,55.693068,18:48:00,18:48:00,19:03:00
8,24,918,"",09:00:00,21:00:00,37.801342,55.689173,19:09:09,19:09:09,19:24:09
8,25,782,"",09:00:00,21:00:00,37.78171,55.692842,19:52:09,19:52:09,20:07:09
9,0,383,"",09:00:00,21:00:00,37.813115,55.717495,09:00:00,09:00:00,09:15:00
9,1,114,"",09:00:00,21:00:00,37.805035,55.716687,09:20:33,09:20:33,09:35:33
9,2,915,"",09:00:00,21:00:00,37.820065,55.713331,09:41:54,09:41:54,09:56:54
9,3,726,"",09:00:00,21:00:00,37.815633,55.69993,10:03:48,10:03:48,10:18:48
9,4,463,"",09:00:00,21:00:00,37.811028,55.717456,10:34:24,10:34:24,10:49:24
9,5,405,"",09:00:00,21:00:00,37.772634,55.732942,11:07:21,11:07:21,11:22:21
9,6,249,"",09:00:00,21:00:00,37.787039,55.738208,11:30:03,11:30:03,11:45:03
9,7,280,"",09:00:00,21:00:00,37.791672,55.730973,12:01:57,12:01:57,12:16:57
9,8,717,"",09:00:00,21:00:00,37.786326,55.726977,12:19:33,12:19:33,12:34:33
9,9,357,"",09:00:00,21:00:00,37.81983,55.707235,12:58:27,12:58:27,13:13:27
9,10,365,"",09:00:00,21:00:00,37.82646,55.714804,13:21:45,13:21:45,13:36:45
9,11,224,"",09:00:00,21:00:00,37.855038,55.70193,13:44:51,13:44:51,13:59:51
9,12,758,"",09:00:00,21:00:00,37.867511,55.725453,14:18:57,14:18:57,14:33:57
9,13,530,"",09:00:00,21:00:00,37.866877,55.731537,14:42:00,14:42:00,14:57:00
9,14,513,"",09:00:00,21:00:00,37.84315,55.727115,15:27:21,15:27:21,15:42:21
9,15,773,"",09:00:00,21:00:00,37.828664,55.728075,15:52:00,15:52:00,16:07:00
9,16,581,"",09:00:00,21:00:00,37.850082,55.71874,16:15:27,16:15:27,16:30:27
9,17,177,"",09:00:00,21:00:00,37.833304,55.735581,16:44:39,16:44:39,16:59:39
9,18,819,"",09:00:00,21:00:00,37.828418,55.748841,17:12:54,17:12:54,17:27:54
9,19,460,"",09:00:00,21:00:00,37.851874,55.758448,17:44:36,17:44:36,17:59:36
9,20,863,"",09:00:00,21:00:00,37.789986,55.764805,18:21:03,18:21:03,18:36:03
9,21,665,"",09:00:00,21:00:00,37.788463,55.745262,18:45:36,18:45:36,19:00:36
9,22,25,"",09:00:00,21:00:00,37.816176,55.752843,19:10:24,19:10:24,19:25:24
9,23,809,"",09:00:00,21:00:00,37.813752,55.748069,19:31:03,19:31:03,19:46:03
9,24,49,"",09:00:00,21:00:00,37.867438,55.75305,20:05:45,20:05:45,20:20:45
10,0,639,"",09:00:00,21:00:00,37.864443,55.797274,09:00:00,09:00:00,09:15:00
10,1,820,"",09:00:00,21:00:00,37.861378,55.77404,09:37:12,09:37:12,09:52:12
10,2,67,"",09:00:00,21:00:00,37.859131,55.762181,10:01:21,10:01:21,10:16:21
10,3,690,"",09:00:00,21:00:00,37.852613,55.764926,10:20:15,10:20:15,10:35:15
10,4,169,"",09:00:00,21:00:00,37.841939,55.754377,10:42:27,10:42:27,10:57:27
10,5,152,"",09:00:00,21:00:00,37.801154,55.765671,11:19:39,11:19:39,11:34:39
10,6,62,"",09:00:00,21:00:00,37.82578,55.763735,11:46:12,11:46:12,12:01:12
10,7,828,"",09:00:00,21:00:00,37.800258,55.752552,12:13:09,12:13:09,12:28:09
10,8,930,"",09:00:00,21:00:00,37.796734,55.745501,12:34:57,12:34:57,12:49:57
10,9,532,"",09:00:00,21:00:00,37.791581,55.758922,12:58:48,12:58:48,13:13:48
10,10,213,"",09:00:00,21:00:00,37.748427,55.747874,13:27:30,13:27:30,13:42:30
10,11,308,"",09:00:00,21:00:00,37.746546,55.750772,13:51:18,13:51:18,14:06:18
10,12,452,"",09:00:00,21:00:00,37.774425,55.751696,14:17:15,14:17:15,14:32:15
10,13,531,"",09:00:00,21:00:00,37.754315,55.761159,14:46:36,14:46:36,15:01:36
10,14,406,"",09:00:00,21:00:00,37.745958,55.776964,15:07:33,15:07:33,15:22:33
10,15,779,"",09:00:00,21:00:00,37.770324,55.783328,15:29:30,15:29:30,15:44:30
10,16,326,"",09:00:00,21:00:00,37.757762,55.782503,15:44:36,15:44:36,15:59:36
10,17,625,"",09:00:00,21:00:00,37.766129,55.797647,16:09:24,16:09:24,16:24:24
10,18,660,"",09:00:00,21:00:00,37.78322,55.795485,16:34:30,16:34:30,16:49:30
10,19,363,"",09:00:00,21:00:00,37.791554,55.804259,16:57:09,16:57:09,17:12:09
10,20,910,"",09:00:00,21:00:00,37.795126,55.778952,17:22:21,17:22:21,17:37:21
10,21,145,"",09:00:00,21:00:00,37.818352,55.797304,17:47:24,17:47:24,18:02:24
10,22,253,"",09:00:00,21:00:00,37.810744,55.800771,18:05:48,18:05:48,18:20:48
10,23,735,"",09:00:00,21:00:00,37.800062,55.803655,18:24:51,18:24:51,18:39:51
10,24,593,"",09:00:00,21:00:00,37.802139,55.793544,18:45:06,18:45:06,19:00:06
10,25,372,"",09:00:00,21:00:00,37.79582,55.789625,19:03:51,19:03:51,19:18:51
10,26,836,"",09:00:00,21:00:00,37.794551,55.789144,19:20:21,19:20:21,19:35:21
10,27,719,"",09:00:00,21:00:00,37.809172,55.828095,19:54:03,19:54:03,20:09:03
10,28,614,"",09:00:00,21:00:00,37.793894,55.812923,20:16:51,20:16:51,20:31:51
11,0,666,"",09:00:00,21:00:00,37.847616,55.79937,09:00:00,09:00:00,09:15:00
11,1,566,"",09:00:00,21:00:00,37.850174,55.810351,09:24:12,09:24:12,09:39:12
11,2,138,"",09:00:00,21:00:00,37.861598,55.819852,09:52:21,09:52:21,10:07:21
11,3,241,"",09:00:00,21:00:00,37.838552,55.815569,10:12:51,10:12:51,10:27:51
11,4,431,"",09:00:00,21:00:00,37.853642,55.820759,10:41:42,10:41:42,10:56:42
11,5,57,"",09:00:00,21:00:00,37.842185,55.83305,11:10:57,11:10:57,11:25:57
11,6,480,"",09:00:00,21:00:00,37.842629,55.833901,11:26:42,11:26:42,11:41:42
11,7,886,"",09:00:00,21:00:00,37.855335,55.829537,12:00:42,12:00:42,12:15:42
11,8,498,"",09:00:00,21:00:00,37.850298,55.832134,12:21:00,12:21:00,12:36:00
11,9,52,"",09:00:00,21:00:00,37.855418,55.832901,12:41:18,12:41:18,12:56:18
11,10,391,"",09:00:00,21:00:00,37.837452,55.843637,13:16:15,13:16:15,13:31:15
11,11,262,"",09:00:00,21:00:00,37.793741,55.852111,13:44:54,13:44:54,13:59:54
11,12,497,"",09:00:00,21:00:00,37.788393,55.842848,14:14:03,14:14:03,14:29:03
11,13,338,"",09:00:00,21:00:00,37.781624,55.854186,14:44:36,14:44:36,14:59:36
11,14,968,"",09:00:00,21:00:00,37.803953,55.834256,15:16:51,15:16:51,15:31:51
11,15,884,"",09:00:00,21:00:00,37.780411,55.816693,15:43:06,15:43:06,15:58:06
11,16,560,"",09:00:00,21:00:00,37.776079,55.819457,15:59:18,15:59:18,16:14:18
11,17,519,"",09:00:00,21:00:00,37.769773,55.813588,16:16:57,16:16:57,16:31:57
11,18,810,"",09:00:00,21:00:00,37.773087,55.827792,16:41:51,16:41:51,16:56:51
11,19,842,"",09:00:00,21:00:00,37.751745,55.842839,17:08:48,17:08:48,17:23:48
11,20,434,"",09:00:00,21:00:00,37.761704,55.835811,17:24:39,17:24:39,17:39:39
11,21,264,"",09:00:00,21:00:00,37.756489,55.839318,17:40:30,17:40:30,17:55:30
11,22,116,"",09:00:00,21:00:00,37.819695,55.780964,18:46:39,18:46:39,19:01:39
11,23,464,"",09:00:00,21:00:00,37.831457,55.778922,19:08:48,19:08:48,19:23:48
11,24,574,"",09:00:00,21:00:00,37.832447,55.78761,19:32:06,19:32:06,19:47:06
11,25,366,"",09:00:00,21:00:00,37.867779,55.791079,20:09:12,20:09:12,20:24:12
12,0,933,"",09:00:00,21:00:00,37.803863,55.785319,09:00:00,09:00:00,09:15:00
12,1,567,"",09:00:00,21:00:00,37.828898,55.787276,09:22:00,09:22:00,09:37:00
12,2,412,"",09:00:00,21:00:00,37.822603,55.787795,09:37:09,09:37:09,09:52:09
12,3,777,"",09:00:00,21:00:00,37.806048,55.789238,09:58:03,09:58:03,10:13:03
12,4,893,"",09:00:00,21:00:00,37.752832,55.795086,10:37:57,10:37:57,10:52:57
12,5,765,"",09:00:00,21:00:00,37.715711,55.781386,11:07:06,11:07:06,11:22:06
12,6,696,"",09:00:00,21:00:00,37.726362,55.7744,11:27:03,11:27:03,11:42:03
12,7,729,"",09:00:00,21:00:00,37.719172,55.758378,12:01:15,12:01:15,12:16:15
12,8,106,"",09:00:00,21:00:00,37.724726,55.754465,12:26:30,12:26:30,12:41:30
12,9,643,"",09:00:00,21:00:00,37.737598,55.760672,12:47:00,12:47:00,13:02:00
12,10,161,"",09:00:00,21:00:00,37.730981,55.765854,13:05:00,13:05:00,13:20:00
12,11,695,"",09:00:00,21:00:00,37.733568,55.808386,13:43:06,13:43:06,13:58:06
12,12,396,"",09:00:00,21:00:00,37.734719,55.804083,14:03:06,14:03:06,14:18:06
12,13,347,"",09:00:00,21:00:00,37.7338,55.819744,14:30:33,14:30:33,14:45:33
12,14,578,"",09:00:00,21:00:00,37.723957,55.795931,15:01:09,15:01:09,15:16:09
12,15,766,"",09:00:00,21:00:00,37.70867,55.789686,15:24:03,15:24:03,15:39:03
12,16,423,"",09:00:00,21:00:00,37.709318,55.778726,15:52:39,15:52:39,16:07:39
12,17,168,"",09:00:00,21:00:00,37.709759,55.765063,16:17:33,16:17:33,16:32:33
12,18,868,"",09:00:00,21:00:00,37.709978,55.76659,16:35:24,16:35:24,16:50:24
12,19,349,"",09:00:00,21:00:00,37.821154,55.735182,17:28:42,17:28:42,17:43:42
12,20,749,"",09:00:00,21:00:00,37.818887,55.734061,17:46:03,17:46:03,18:01:03
12,21,628,"",09:00:00,21:00:00,37.8452,55.702836,18:24:48,18:24:48,18:39:48
12,22,880,"",09:00:00,21:00:00,37.854523,55.700123,18:44:21,18:44:21,18:59:21
12,23,789,"",09:00:00,21:00:00,37.843888,55.692578,19:05:57,19:05:57,19:20:57
12,24,732,"",09:00:00,21:00:00,37.844389,55.693691,19:21:57,19:21:57,19:36:57
12,25,99,"",09:00:00,21:00:00,37.856989,55.680271,19:47:48,19:47:48,20:02:48
12,26,47,"",09:00:00,21:00:00,37.831927,55.694814,20:11:48,20:11:48,20:26:48
12,27,425,"",09:00:00,21:00:00,37.828044,55.694768,20:33:21,20:33:21,20:48:21
13,0,545,"",09:00:00,21:00:00,37.856238,55.673155,09:00:00,09:00:00,09:15:00
13,1,822,"",09:00:00,21:00:00,37.853289,55.675342,09:24:45,09:24:45,09:39:45
13,2,97,"",09:00:00,21:00:00,37.834803,55.66865,09:51:06,09:51:06,10:06:06
13,3,960,"",09:00:00,21:00:00,37.821488,55.684784,10:11:21,10:11:21,10:26:21
13,4,507,"",09:00:00,21:00:00,37.834353,55.659472,10:33:57,10:33:57,10:48:57
13,5,444,"",09:00:00,21:00:00,37.84234,55.663826,10:52:48,10:52:48,11:07:48
13,6,640,"",09:00:00,21:00:00,37.83455,55.656858,11:11:15,11:11:15,11:26:15
13,7,845,"",09:00:00,21:00:00,37.76879,55.662603,11:41:30,11:41:30,11:56:30
13,8,182,"",09:00:00,21:00:00,37.759508,55.662386,12:01:42,12:01:42,12:16:42
13,9,892,"",09:00:00,21:00:00,37.766912,55.669896,12:25:21,12:25:21,12:40:21
13,10,56,"",09:00:00,21:00:00,37.776294,55.661635,12:47:54,12:47:54,13:02:54
13,11,345,"",09:00:00,21:00:00,37.807344,55.656348,13:09:00,13:09:00,13:24:00
13,12,228,"",09:00:00,21:00:00,37.801272,55.657656,13:25:06,13:25:06,13:40:06
13,13,762,"",09:00:00,21:00:00,37.792496,55.651038,13:43:06,13:43:06,13:58:06
13,14,395,"",09:00:00,21:00:00,37.789933,55.653532,13:58:18,13:58:18,14:13:18
13,15,235,"",09:00:00,21:00:00,37.809109,55.639557,14:23:00,14:23:00,14:38:00
13,16,337,"",09:00:00,21:00:00,37.813256,55.641245,14:40:09,14:40:09,14:55:09
13,17,212,"",09:00:00,21:00:00,37.836852,55.647492,15:04:00,15:04:00,15:19:00
13,18,467,"",09:00:00,21:00:00,37.800973,55.648448,15:32:42,15:32:42,15:47:42
13,19,156,"",09:00:00,21:00:00,37.800579,55.629854,15:56:00,15:56:00,16:11:00
13,20,970,"",09:00:00,21:00:00,37.804742,55.629692,16:16:24,16:16:24,16:31:24
13,21,540,"",09:00:00,21:00:00,37.832475,55.626188,16:49:45,16:49:45,17:04:45
13,22,870,"",09:00:00,21:00:00,37.843312,55.627434,17:10:24,17:10:24,17:25:24
13,23,587,"",09:00:00,21:00:00,37.832755,55.617568,17:34:15,17:34:15,17:49:15
13,24,348,"",09:00:00,21:00:00,37.863138,55.649107,18:18:06,18:18:06,18:33:06
13,25,461,"",09:00:00,21:00:00,37.805935,55.659614,18:55:51,18:55:51,19:10:51
13,26,552,"",09:00:00,21:00:00,37.811382,55.676183,19:25:24,19:25:24,19:40:24
13,27,653,"",09:00:00,21:00:00,37.820575,55.675472,19:47:33,19:47:33,20:02:33
13,28,437,"",09:00:00,21:00:00,37.822039,55.677842,20:04:30,20:04:30,20:19:30
14,0,669,"",09:00:00,21:00:00,37.81505,55.649799,09:00:00,09:00:00,09:15:00
14,1,580,"",09:00:00,21:00:00,37.812989,55.664013,09:24:03,09:24:03,09:39:03
14,2,864,"",09:00:00,21:00:00,37.809703,55.666188,09:40:03,09:40:03,09:55:03
14,3,359,"",09:00:00,21:00:00,37.8152,55.667103,09:55:03,09:55:03,10:10:03
14,4,471,"",09:00:00,21:00:00,37.804277,55.667448,10:12:18,10:12:18,10:27:18
14,5,141,"",09:00:00,21:00:00,37.786596,55.676568,10:36:45,10:36:45,10:51:45
14,6,956,"",09:00:00,21:00:00,37.774182,55.672058,10:58:54,10:58:54,11:13:54
14,7,523,"",09:00:00,21:00:00,37.720971,55.656263,11:34:36,11:34:36,11:49:36
14,8,230,"",09:00:00,21:00:00,37.722208,55.654677,11:55:18,11:55:18,12:10:18
14,9,668,"",09:00:00,21:00:00,37.755466,55.649592,12:21:33,12:21:33,12:36:33
14,10,829,"",09:00:00,21:00:00,37.746385,55.648075,12:40:51,12:40:51,12:55:51
14,11,728,"",09:00:00,21:00:00,37.718288,55.66063,13:04:51,13:04:51,13:19:51
14,12,641,"",09:00:00,21:00:00,37.70231,55.656734,13:25:30,13:25:30,13:40:30
14,13,894,"",09:00:00,21:00:00,37.680694,55.65224,13:55:27,13:55:27,14:10:27
14,14,905,"",09:00:00,21:00:00,37.670637,55.651589,14:19:33,14:19:33,14:34:33
14,15,599,"",09:00:00,21:00:00,37.677231,55.670025,14:56:51,14:56:51,15:11:51
14,16,826,"",09:00:00,21:00:00,37.681208,55.670795,15:16:39,15:16:39,15:31:39
14,17,874,"",09:00:00,21:00:00,37.696338,55.651008,15:57:27,15:57:27,16:12:27
14,18,295,"",09:00:00,21:00:00,37.69912,55.649625,16:13:15,16:13:15,16:28:15
14,19,588,"",09:00:00,21:00:00,37.749859,55.5982,17:09:39,17:09:39,17:24:39
14,20,404,"",09:00:00,21:00:00,37.774917,55.612525,17:30:54,17:30:54,17:45:54
14,21,103,"",09:00:00,21:00:00,37.753012,55.628887,17:56:27,17:56:27,18:11:27
14,22,658,"",09:00:00,21:00:00,37.782144,55.645675,18:38:36,18:38:36,18:53:36
14,23,856,"",09:00:00,21:00:00,37.776624,55.643753,19:02:24,19:02:24,19:17:24
14,24,715,"",09:00:00,21:00:00,37.723981,55.61838,19:43:06,19:43:06,19:58:06
14,25,840,"",09:00:00,21:00:00,37.683952,55.602296,20:41:36,20:41:36,20:56:36
15,0,734,"",09:00:00,21:00:00,37.602034,55.646707,09:00:00,09:00:00,09:15:00
15,1,862,"",09:00:00,21:00:00,37.636393,55.668779,09:37:18,09:37:18,09:52:18
15,2,752,"",09:00:00,21:00:00,37.592116,55.663866,10:09:18,10:09:18,10:24:18
15,3,260,"",09:00:00,21:00:00,37.573207,55.670133,10:33:57,10:33:57,10:48:57
15,4,263,"",09:00:00,21:00:00,37.550947,55.674834,11:01:00,11:01:00,11:16:00
15,5,812,"",09:00:00,21:00:00,37.549232,55.673575,11:16:54,11:16:54,11:31:54
15,6,698,"",09:00:00,21:00:00,37.549318,55.68201,11:38:21,11:38:21,11:53:21
15,7,74,"",09:00:00,21:00:00,37.560503,55.676795,11:59:12,11:59:12,12:14:12
15,8,220,"",09:00:00,21:00:00,37.57182,55.671254,12:21:48,12:21:48,12:36:48
15,9,928,"",09:00:00,21:00:00,37.567883,55.667173,12:42:18,12:42:18,12:57:18
15,10,300,"",09:00:00,21:00:00,37.556763,55.688393,13:07:51,13:07:51,13:22:51
15,11,130,"",09:00:00,21:00:00,37.534996,55.675891,13:32:57,13:32:57,13:47:57
15,12,794,"",09:00:00,21:00:00,37.567119,55.685003,14:01:12,14:01:12,14:16:12
15,13,627,"",09:00:00,21:00:00,37.578436,55.680454,14:22:09,14:22:09,14:37:09
15,14,243,"",09:00:00,21:00:00,37.584884,55.675385,14:45:54,14:45:54,15:00:54
15,15,499,"",09:00:00,21:00:00,37.598938,55.691117,15:10:39,15:10:39,15:25:39
15,16,900,"",09:00:00,21:00:00,37.59476,55.687702,15:27:42,15:27:42,15:42:42
15,17,388,"",09:00:00,21:00:00,37.616456,55.703434,15:51:18,15:51:18,16:06:18
15,18,63,"",09:00:00,21:00:00,37.603594,55.703936,16:11:09,16:11:09,16:26:09
15,19,41,"",09:00:00,21:00:00,37.587012,55.714351,16:32:09,16:32:09,16:47:09
15,20,318,"",09:00:00,21:00:00,37.600261,55.727393,16:51:39,16:51:39,17:06:39
15,21,411,"",09:00:00,21:00:00,37.609197,55.726628,17:09:54,17:09:54,17:24:54
15,22,225,"",09:00:00,21:00:00,37.615299,55.733803,17:28:06,17:28:06,17:43:06
15,23,279,"",09:00:00,21:00:00,37.582691,55.736916,17:54:45,17:54:45,18:09:45
15,24,286,"",09:00:00,21:00:00,37.575853,55.751479,18:17:12,18:17:12,18:32:12
15,25,147,"",09:00:00,21:00:00,37.574604,55.757807,18:39:45,18:39:45,18:54:45
15,26,648,"",09:00:00,21:00:00,37.579761,55.752972,19:00:36,19:00:36,19:15:36
15,27,38,"",09:00:00,21:00:00,37.571079,55.746386,19:22:09,19:22:09,19:37:09
15,28,563,"",09:00:00,21:00:00,37.538003,55.760374,19:52:09,19:52:09,20:07:09
15,29,449,"",09:00:00,21:00:00,37.556592,55.762876,20:12:06,20:12:06,20:27:06
16,0,314,"",09:00:00,21:00:00,37.51347,55.720943,09:00:00,09:00:00,09:15:00
16,1,748,"",09:00:00,21:00:00,37.526252,55.725003,09:23:33,09:23:33,09:38:33
16,2,547,"",09:00:00,21:00:00,37.5409,55.744595,09:56:06,09:56:06,10:11:06
16,3,737,"",09:00:00,21:00:00,37.524814,55.722274,10:27:45,10:27:45,10:42:45
16,4,454,"",09:00:00,21:00:00,37.539385,55.72794,10:46:54,10:46:54,11:01:54
16,5,112,"",09:00:00,21:00:00,37.532037,55.75228,11:11:39,11:11:39,11:26:39
16,6,139,"",09:00:00,21:00:00,37.544155,55.761791,11:34:36,11:34:36,11:49:36
16,7,440,"",09:00:00,21:00:00,37.54494,55.773754,12:00:30,12:00:30,12:15:30
16,8,26,"",09:00:00,21:00:00,37.522744,55.776627,12:20:51,12:20:51,12:35:51
16,9,556,"",09:00:00,21:00:00,37.529558,55.767766,12:41:27,12:41:27,12:56:27
16,10,214,"",09:00:00,21:00:00,37.515428,55.772245,13:00:24,13:00:24,13:15:24
16,11,180,"",09:00:00,21:00:00,37.511569,55.773228,13:17:15,13:17:15,13:32:15
16,12,607,"",09:00:00,21:00:00,37.488401,55.781756,13:46:12,13:46:12,14:01:12
16,13,673,"",09:00:00,21:00:00,37.486731,55.77144,14:11:09,14:11:09,14:26:09
16,14,92,"",09:00:00,21:00:00,37.493417,55.768395,14:29:06,14:29:06,14:44:06
16,15,747,"",09:00:00,21:00:00,37.476428,55.771688,14:51:00,14:51:00,15:06:00
16,16,561,"",09:00:00,21:00:00,37.497714,55.788042,15:16:21,15:16:21,15:31:21
16,17,520,"",09:00:00,21:00:00,37.499586,55.79694,15:35:51,15:35:51,15:50:51
16,18,800,"",09:00:00,21:00:00,37.485032,55.797268,15:55:03,15:55:03,16:10:03
16,19,476,"",09:00:00,21:00:00,37.468733,55.800848,16:15:45,16:15:45,16:30:45
16,20,604,"",09:00:00,21:00:00,37.477691,55.80187,16:33:54,16:33:54,16:48:54
16,21,559,"",09:00:00,21:00:00,37.4575,55.796302,16:56:45,16:56:45,17:11:45
16,22,474,"",09:00:00,21:00:00,37.451379,55.784043,17:20:21,17:20:21,17:35:21
16,23,551,"",09:00:00,21:00:00,37.464664,55.781676,17:42:54,17:42:54,17:57:54
16,24,691,"",09:00:00,21:00:00,37.460047,55.771666,18:08:15,18:08:15,18:23:15
16,25,275,"",09:00:00,21:00:00,37.456639,55.753727,18:33:27,18:33:27,18:48:27
16,26,754,"",09:00:00,21:00:00,37.455405,55.781384,19:07:00,19:07:00,19:22:00
16,27,590,"",09:00:00,21:00:00,37.466073,55.771955,19:28:24,19:28:24,19:43:24
16,28,617,"",09:00:00,21:00:00,37.440128,55.780263,19:50:42,19:50:42,20:05:42
16,29,851,"",09:00:00,21:00:00,37.462644,55.781246,20:12:09,20:12:09,20:27:09
17,0,291,"",09:00:00,21:00:00,37.410141,55.733958,09:00:00,09:00:00,09:15:00
17,1,392,"",09:00:00,21:00:00,37.43425,55.760033,09:33:36,09:33:36,09:48:36
17,2,133,"",09:00:00,21:00:00,37.40178,55.778497,10:02:27,10:02:27,10:17:27
17,3,833,"",09:00:00,21:00:00,37.412408,55.76893,10:28:03,10:28:03,10:43:03
17,4,289,"",09:00:00,21:00:00,37.408389,55.765135,10:48:48,10:48:48,11:03:48
17,5,931,"",09:00:00,21:00:00,37.400398,55.763651,11:08:45,11:08:45,11:23:45
17,6,573,"",09:00:00,21:00:00,37.394118,55.771094,11:30:51,11:30:51,11:45:51
17,7,635,"",09:00:00,21:00:00,37.391744,55.769025,11:46:48,11:46:48,12:01:48
17,8,657,"",09:00:00,21:00:00,37.3984,55.775221,12:09:24,12:09:24,12:24:24
17,9,938,"",09:00:00,21:00:00,37.426089,55.775988,12:34:06,12:34:06,12:49:06
17,10,445,"",09:00:00,21:00:00,37.460955,55.764169,13:10:21,13:10:21,13:25:21
17,11,162,"",09:00:00,21:00:00,37.430615,55.765834,13:42:57,13:42:57,13:57:57
17,12,958,"",09:00:00,21:00:00,37.417802,55.747594,14:09:03,14:09:03,14:24:03
17,13,296,"",09:00:00,21:00:00,37.398029,55.710496,14:48:57,14:48:57,15:03:57
17,14,155,"",09:00:00,21:00:00,37.391929,55.708904,15:09:00,15:09:00,15:24:00
17,15,518,"",09:00:00,21:00:00,37.40964,55.696604,15:39:33,15:39:33,15:54:33
17,16,435,"",09:00:00,21:00:00,37.413681,55.710091,16:14:42,16:14:42,16:29:42
17,17,586,"",09:00:00,21:00:00,37.39801,55.720754,16:41:06,16:41:06,16:56:06
17,18,557,"",09:00:00,21:00:00,37.387701,55.709912,17:05:03,17:05:03,17:20:03
17,19,688,"",09:00:00,21:00:00,37.349874,55.698223,17:32:21,17:32:21,17:47:21
17,20,554,"",09:00:00,21:00:00,37.35904,55.705204,17:52:57,17:52:57,18:07:57
17,21,755,"",09:00:00,21:00:00,37.375141,55.711513,18:21:03,18:21:03,18:36:03
17,22,23,"",09:00:00,21:00:00,37.354281,55.720539,18:52:36,18:52:36,19:07:36
17,23,771,"",09:00:00,21:00:00,37.360858,55.739339,19:24:00,19:24:00,19:39:00
17,24,589,"",09:00:00,21:00:00,37.36829,55.73658,19:52:09,19:52:09,20:07:09
18,0,389,"",09:00:00,21:00:00,37.346924,55.708585,09:00:00,09:00:00,09:15:00
18,1,89,"",09:00:00,21:00:00,37.343488,55.707754,09:15:12,09:15:12,09:30:12
18,2,721,"",09:00:00,21:00:00,37.36755,55.691036,10:06:57,10:06:57,10:21:57
18,3,742,"",09:00:00,21:00:00,37.363802,55.689089,10:25:06,10:25:06,10:40:06
18,4,703,"",09:00:00,21:00:00,37.358775,55.679434,10:48:57,10:48:57,11:03:57
18,5,922,"",09:00:00,21:00:00,37.363439,55.68008,11:07:12,11:07:12,11:22:12
18,6,785,"",09:00:00,21:00:00,37.375014,55.682741,11:37:48,11:37:48,11:52:48
18,7,676,"",09:00:00,21:00:00,37.398997,55.693379,12:07:57,12:07:57,12:22:57
18,8,965,"",09:00:00,21:00:00,37.416614,55.730912,12:45:36,12:45:36,13:00:36
18,9,608,"",09:00:00,21:00:00,37.403411,55.744467,13:13:42,13:13:42,13:28:42
18,10,630,"",09:00:00,21:00:00,37.444264,55.742076,13:41:57,13:41:57,13:56:57
18,11,50,"",09:00:00,21:00:00,37.4615,55.721534,14:10:45,14:10:45,14:25:45
18,12,598,"",09:00:00,21:00:00,37.465103,55.726471,14:28:30,14:28:30,14:43:30
18,13,374,"",09:00:00,21:00:00,37.465901,55.724458,14:45:30,14:45:30,15:00:30
18,14,533,"",09:00:00,21:00:00,37.458706,55.716149,15:09:12,15:09:12,15:24:12
18,15,478,"",09:00:00,21:00:00,37.476583,55.710861,15:37:24,15:37:24,15:52:24
18,16,692,"",09:00:00,21:00:00,37.484527,55.729881,16:02:03,16:02:03,16:17:03
18,17,237,"",09:00:00,21:00:00,37.488347,55.728912,16:18:42,16:18:42,16:33:42
18,18,453,"",09:00:00,21:00:00,37.496294,55.736304,16:44:27,16:44:27,16:59:27
18,19,48,"",09:00:00,21:00:00,37.483691,55.734846,17:07:39,17:07:39,17:22:39
18,20,28,"",09:00:00,21:00:00,37.469458,55.735162,17:28:57,17:28:57,17:43:57
18,21,776,"",09:00:00,21:00:00,37.428657,55.723028,18:01:06,18:01:06,18:16:06
18,22,486,"",09:00:00,21:00:00,37.449595,55.720549,18:24:36,18:24:36,18:39:36
18,23,902,"",09:00:00,21:00:00,37.443247,55.718253,18:44:21,18:44:21,18:59:21
18,24,750,"",09:00:00,21:00:00,37.446654,55.737497,19:12:30,19:12:30,19:27:30
18,25,913,"",09:00:00,21:00:00,37.464931,55.731048,19:39:24,19:39:24,19:54:24
18,26,100,"",09:00:00,21:00:00,37.473409,55.747255,20:03:33,20:03:33,20:18:33
19,0,798,"",09:00:00,21:00:00,37.401791,55.749944,09:00:00,09:00:00,09:15:00
19,1,424,"",09:00:00,21:00:00,37.38276,55.762873,09:25:45,09:25:45,09:40:45
19,2,483,"",09:00:00,21:00:00,37.364399,55.763556,09:45:12,09:45:12,10:00:12
19,3,294,"",09:00:00,21:00:00,37.369213,55.766643,10:07:00,10:07:00,10:22:00
19,4,353,"",09:00:00,21:00:00,37.376529,55.789415,10:32:24,10:32:24,10:47:24
19,5,113,"",09:00:00,21:00:00,37.392827,55.778388,10:59:03,10:59:03,11:14:03
19,6,128,"",09:00:00,21:00:00,37.371646,55.793698,11:30:09,11:30:09,11:45:09
19,7,516,"",09:00:00,21:00:00,37.388891,55.807223,11:51:36,11:51:36,12:06:36
19,8,783,"",09:00:00,21:00:00,37.388285,55.824953,12:20:18,12:20:18,12:35:18
19,9,277,"",09:00:00,21:00:00,37.381269,55.823038,12:44:39,12:44:39,12:59:39
19,10,311,"",09:00:00,21:00:00,37.393654,55.830767,13:08:21,13:08:21,13:23:21
19,11,565,"",09:00:00,21:00:00,37.36505,55.819272,13:33:24,13:33:24,13:48:24
19,12,165,"",09:00:00,21:00:00,37.370877,55.816094,13:53:45,13:53:45,14:08:45
19,13,203,"",09:00:00,21:00:00,37.353537,55.814935,14:15:48,14:15:48,14:30:48
19,14,31,"",09:00:00,21:00:00,37.3463,55.833919,14:42:33,14:42:33,14:57:33
19,15,163,"",09:00:00,21:00:00,37.348453,55.83299,15:00:12,15:00:12,15:15:12
19,16,708,"",09:00:00,21:00:00,37.342662,55.856203,15:25:24,15:25:24,15:40:24
19,17,854,"",09:00:00,21:00:00,37.362844,55.86446,15:48:57,15:48:57,16:03:57
19,18,582,"",09:00:00,21:00:00,37.363403,55.859231,16:07:30,16:07:30,16:22:30
19,19,546,"",09:00:00,21:00:00,37.351882,55.847354,16:31:30,16:31:30,16:46:30
19,20,801,"",09:00:00,21:00:00,37.346311,55.841568,16:52:39,16:52:39,17:07:39
19,21,844,"",09:00:00,21:00:00,37.340188,55.820859,17:22:27,17:22:27,17:37:27
19,22,481,"",09:00:00,21:00:00,37.355045,55.8114,17:46:30,17:46:30,18:01:30
19,23,64,"",09:00:00,21:00:00,37.355322,55.810092,18:06:42,18:06:42,18:21:42
19,24,544,"",09:00:00,21:00:00,37.341165,55.81483,18:29:27,18:29:27,18:44:27
19,25,342,"",09:00:00,21:00:00,37.342992,55.807681,18:51:33,18:51:33,19:06:33
19,26,606,"",09:00:00,21:00:00,37.345517,55.786924,19:39:18,19:39:18,19:54:18
20,0,58,"",09:00:00,21:00:00,37.440094,55.81903,09:00:00,09:00:00,09:15:00
20,1,323,"",09:00:00,21:00:00,37.427527,55.825341,09:45:06,09:45:06,10:00:06
20,2,791,"",09:00:00,21:00:00,37.433534,55.827169,10:06:45,10:06:45,10:21:45
20,3,309,"",09:00:00,21:00:00,37.434798,55.826443,10:23:12,10:23:12,10:38:12
20,4,261,"",09:00:00,21:00:00,37.411575,55.843607,10:50:12,10:50:12,11:05:12
20,5,364,"",09:00:00,21:00:00,37.433339,55.842017,11:21:09,11:21:09,11:36:09
20,6,654,"",09:00:00,21:00:00,37.450824,55.830928,11:54:36,11:54:36,12:09:36
20,7,255,"",09:00:00,21:00:00,37.46131,55.823055,12:34:51,12:34:51,12:49:51
20,8,43,"",09:00:00,21:00:00,37.414173,55.827174,13:05:48,13:05:48,13:20:48
20,9,629,"",09:00:00,21:00:00,37.375236,55.820105,13:36:06,13:36:06,13:51:06
20,10,847,"",09:00:00,21:00:00,37.400186,55.833824,14:04:39,14:04:39,14:19:39
20,11,420,"",09:00:00,21:00:00,37.400125,55.858734,14:26:33,14:26:33,14:41:33
20,12,191,"",09:00:00,21:00:00,37.416838,55.880176,14:51:15,14:51:15,15:06:15
20,13,151,"",09:00:00,21:00:00,37.431475,55.88317,15:10:09,15:10:09,15:25:09
20,14,500,"",09:00:00,21:00:00,37.427475,55.883745,15:28:12,15:28:12,15:43:12
20,15,652,"",09:00:00,21:00:00,37.426786,55.891284,15:48:42,15:48:42,16:03:42
20,16,266,"",09:00:00,21:00:00,37.451992,55.903711,16:14:03,16:14:03,16:29:03
20,17,283,"",09:00:00,21:00:00,37.437197,55.900947,16:36:39,16:36:39,16:51:39
20,18,197,"",09:00:00,21:00:00,37.425478,55.902627,16:59:03,16:59:03,17:14:03
20,19,954,"",09:00:00,21:00:00,37.425304,55.905511,17:15:54,17:15:54,17:30:54
20,20,745,"",09:00:00,21:00:00,37.41876,55.909275,17:32:51,17:32:51,17:47:51
20,21,126,"",09:00:00,21:00:00,37.422368,55.914801,17:50:48,17:50:48,18:05:48
20,22,417,"",09:00:00,21:00:00,37.41541,55.914756,18:09:36,18:09:36,18:24:36
20,23,885,"",09:00:00,21:00:00,37.42811,55.909827,18:35:27,18:35:27,18:50:27
20,24,714,"",09:00:00,21:00:00,37.446054,55.887248,19:08:09,19:08:09,19:23:09
20,25,386,"",09:00:00,21:00:00,37.447917,55.895302,19:27:48,19:27:48,19:42:48
20,26,20,"",09:00:00,21:00:00,37.448037,55.906157,19:50:27,19:50:27,20:05:27
20,27,413,"",09:00:00,21:00:00,37.467831,55.91414,20:15:09,20:15:09,20:30:09
21,0,731,"",09:00:00,21:00:00,37.42288,55.905698,09:00:00,09:00:00,09:15:00
21,1,813,"",09:00:00,21:00:00,37.447211,55.904325,09:33:42,09:33:42,09:48:42
21,2,877,"",09:00:00,21:00:00,37.408184,55.905207,10:07:54,10:07:54,10:22:54
21,3,869,"",09:00:00,21:00:00,37.401003,55.909571,10:30:03,10:30:03,10:45:03
21,4,818,"",09:00:00,21:00:00,37.38235,55.909833,10:54:15,10:54:15,11:09:15
21,5,939,"",09:00:00,21:00:00,37.378268,55.90839,11:12:33,11:12:33,11:27:33
21,6,832,"",09:00:00,21:00:00,37.34922,55.892352,11:43:48,11:43:48,11:58:48
21,7,258,"",09:00:00,21:00:00,37.348164,55.894672,12:01:12,12:01:12,12:16:12
21,8,937,"",09:00:00,21:00:00,37.359955,55.887823,12:23:03,12:23:03,12:38:03
21,9,254,"",09:00:00,21:00:00,37.372548,55.87675,12:48:36,12:48:36,13:03:36
21,10,488,"",09:00:00,21:00:00,37.387465,55.886079,13:18:03,13:18:03,13:33:03
21,11,362,"",09:00:00,21:00:00,37.385688,55.886829,13:33:27,13:33:27,13:48:27
21,12,882,"",09:00:00,21:00:00,37.381864,55.89671,13:55:18,13:55:18,14:10:18
21,13,603,"",09:00:00,21:00:00,37.410479,55.878507,14:24:45,14:24:45,14:39:45
21,14,605,"",09:00:00,21:00:00,37.393121,55.876238,14:59:45,14:59:45,15:14:45
21,15,612,"",09:00:00,21:00:00,37.434152,55.866286,15:47:48,15:47:48,16:02:48
21,16,950,"",09:00:00,21:00:00,37.419253,55.865927,16:09:45,16:09:45,16:24:45
21,17,247,"",09:00:00,21:00:00,37.387207,55.861379,16:42:15,16:42:15,16:57:15
21,18,390,"",09:00:00,21:00:00,37.376012,55.853396,17:08:54,17:08:54,17:23:54
21,19,215,"",09:00:00,21:00:00,37.38334,55.844507,17:43:09,17:43:09,17:58:09
21,20,555,"",09:00:00,21:00:00,37.398993,55.800493,18:26:27,18:26:27,18:41:27
21,21,87,"",09:00:00,21:00:00,37.403572,55.799809,18:44:54,18:44:54,18:59:54
21,22,667,"",09:00:00,21:00:00,37.415825,55.795416,19:07:06,19:07:06,19:22:06
21,23,370,"",09:00:00,21:00:00,37.413511,55.813717,19:33:42,19:33:42,19:48:42
21,24,78,"",09:00:00,21:00:00,37.427468,55.810064,19:56:03,19:56:03,20:11:03
22,0,760,"",09:00:00,21:00:00,37.344369,55.763486,09:00:00,09:00:00,09:15:00
22,1,722,"",09:00:00,21:00:00,37.355922,55.787573,09:45:12,09:45:12,10:00:12
22,2,319,"",09:00:00,21:00:00,37.365322,55.765759,10:11:09,10:11:09,10:26:09
22,3,637,"",09:00:00,21:00:00,37.348754,55.756622,10:37:45,10:37:45,10:52:45
22,4,876,"",09:00:00,21:00:00,37.349743,55.754711,10:53:15,10:53:15,11:08:15
22,5,683,"",09:00:00,21:00:00,37.394506,55.75198,11:27:54,11:27:54,11:42:54
22,6,866,"",09:00:00,21:00:00,37.421612,55.752785,11:51:42,11:51:42,12:06:42
22,7,757,"",09:00:00,21:00:00,37.45556,55.779289,12:45:09,12:45:09,13:00:09
22,8,200,"",09:00:00,21:00:00,37.491836,55.77155,13:12:18,13:12:18,13:27:18
22,9,61,"",09:00:00,21:00:00,37.482912,55.7601,13:52:42,13:52:42,14:07:42
22,10,68,"",09:00:00,21:00:00,37.506261,55.759698,14:18:00,14:18:00,14:33:00
22,11,662,"",09:00:00,21:00:00,37.509565,55.746692,14:43:27,14:43:27,14:58:27
22,12,830,"",09:00:00,21:00:00,37.517474,55.755371,15:09:24,15:09:24,15:24:24
22,13,917,"",09:00:00,21:00:00,37.485831,55.772676,15:37:45,15:37:45,15:52:45
22,14,447,"",09:00:00,21:00:00,37.519324,55.763589,16:00:27,16:00:27,16:15:27
22,15,684,"",09:00:00,21:00:00,37.552719,55.775278,16:28:51,16:28:51,16:43:51
22,16,814,"",09:00:00,21:00:00,37.546374,55.782203,16:50:15,16:50:15,17:05:15
22,17,35,"",09:00:00,21:00:00,37.555814,55.782867,17:10:24,17:10:24,17:25:24
22,18,509,"",09:00:00,21:00:00,37.559628,55.788867,17:33:39,17:33:39,17:48:39
22,19,40,"",09:00:00,21:00:00,37.557633,55.796818,17:52:39,17:52:39,18:07:39
22,20,181,"",09:00:00,21:00:00,37.560574,55.798348,18:10:51,18:10:51,18:25:51
22,21,646,"",09:00:00,21:00:00,37.579873,55.796977,18:37:06,18:37:06,18:52:06
22,22,82,"",09:00:00,21:00:00,37.576123,55.817519,19:00:45,19:00:45,19:15:45
22,23,360,"",09:00:00,21:00:00,37.59927,55.812059,19:21:45,19:21:45,19:36:45
22,24,887,"",09:00:00,21:00:00,37.591211,55.809938,19:39:51,19:39:51,19:54:51
22,25,186,"",09:00:00,21:00:00,37.568279,55.810738,20:03:30,20:03:30,20:18:30
22,26,675,"",09:00:00,21:00:00,37.562627,55.815793,20:22:36,20:22:36,20:37:36
22,27,134,"",09:00:00,21:00:00,37.559597,55.806539,20:45:06,20:45:06,21:00:06
23,0,808,"",09:00:00,21:00:00,37.553751,55.831145,09:00:00,09:00:00,09:15:00
23,1,322,"",09:00:00,21:00:00,37.572285,55.825032,09:22:33,09:22:33,09:37:33
23,2,702,"",09:00:00,21:00:00,37.573072,55.821254,09:42:57,09:42:57,09:57:57
23,3,932,"",09:00:00,21:00:00,37.567688,55.846214,10:06:00,10:06:00,10:21:00
23,4,171,"",09:00:00,21:00:00,37.604291,55.841829,10:29:33,10:29:33,10:44:33
23,5,399,"",09:00:00,21:00:00,37.608024,55.856002,10:50:36,10:50:36,11:05:36
23,6,307,"",09:00:00,21:00:00,37.599496,55.863475,11:13:03,11:13:03,11:28:03
23,7,137,"",09:00:00,21:00:00,37.571291,55.875296,11:39:30,11:39:30,11:54:30
23,8,838,"",09:00:00,21:00:00,37.574045,55.896512,12:09:12,12:09:12,12:24:12
23,9,334,"",09:00:00,21:00:00,37.615912,55.886144,12:40:45,12:40:45,12:55:45
23,10,104,"",09:00:00,21:00:00,37.616396,55.886832,12:56:33,12:56:33,13:11:33
23,11,741,"",09:00:00,21:00:00,37.613117,55.888702,13:15:15,13:15:15,13:30:15
23,12,623,"",09:00:00,21:00:00,37.61058,55.887553,13:33:36,13:33:36,13:48:36
23,13,860,"",09:00:00,21:00:00,37.6107,55.887196,13:49:21,13:49:21,14:04:21
23,14,455,"",09:00:00,21:00:00,37.587877,55.881305,14:12:27,14:12:27,14:27:27
23,15,44,"",09:00:00,21:00:00,37.584303,55.884494,14:31:51,14:31:51,14:46:51
23,16,33,"",09:00:00,21:00:00,37.594601,55.895179,14:57:45,14:57:45,15:12:45
23,17,609,"",09:00:00,21:00:00,37.566854,55.909769,15:23:12,15:23:12,15:38:12
23,18,577,"",09:00:00,21:00:00,37.598582,55.919547,15:48:00,15:48:00,16:03:00
23,19,601,"",09:00:00,21:00:00,37.598721,55.913822,16:04:57,16:04:57,16:19:57
23,20,914,"",09:00:00,21:00:00,37.621851,55.918769,16:34:54,16:34:54,16:49:54
23,21,562,"",09:00:00,21:00:00,37.582281,55.911337,17:07:06,17:07:06,17:22:06
23,22,105,"",09:00:00,21:00:00,37.554394,55.913946,17:35:42,17:35:42,17:50:42
23,23,313,"",09:00:00,21:00:00,37.56073,55.902686,18:06:36,18:06:36,18:21:36
23,24,83,"",09:00:00,21:00:00,37.548079,55.900775,18:30:00,18:30:00,18:45:00
23,25,441,"",09:00:00,21:00:00,37.633462,55.847839,19:24:45,19:24:45,19:39:45
23,26,784,"",09:00:00,21:00:00,37.638535,55.848567,19:42:24,19:42:24,19:57:24
23,27,705,"",09:00:00,21:00:00,37.650661,55.845747,20:01:06,20:01:06,20:16:06
24,0,55,"",09:00:00,21:00:00,37.715882,55.843819,09:00:00,09:00:00,09:15:00
24,1,626,"",09:00:00,21:00:00,37.713415,55.844681,09:15:00,09:15:00,09:30:00
24,2,618,"",09:00:00,21:00:00,37.685044,55.858745,09:52:00,09:52:00,10:07:00
24,3,415,"",09:00:00,21:00:00,37.669151,55.84871,10:18:30,10:18:30,10:33:30
24,4,764,"",09:00:00,21:00:00,37.671539,55.85933,10:39:06,10:39:06,10:54:06
24,5,484,"",09:00:00,21:00:00,37.671036,55.861521,10:57:30,10:57:30,11:12:30
24,6,645,"",09:00:00,21:00:00,37.667208,55.874776,11:19:57,11:19:57,11:34:57
24,7,2,"",09:00:00,21:00:00,37.663069,55.893561,11:43:51,11:43:51,11:58:51
24,8,70,"",09:00:00,21:00:00,37.699059,55.894009,12:06:42,12:06:42,12:21:42
24,9,964,"",09:00:00,21:00:00,37.699211,55.911381,13:03:15,13:03:15,13:18:15
24,10,205,"",09:00:00,21:00:00,37.698533,55.904803,13:43:03,13:43:03,13:58:03
24,11,320,"",09:00:00,21:00:00,37.700828,55.904636,13:59:00,13:59:00,14:14:00
24,12,175,"",09:00:00,21:00:00,37.710904,55.908188,14:18:57,14:18:57,14:33:57
24,13,150,"",09:00:00,21:00:00,37.730868,55.900821,14:44:42,14:44:42,14:59:42
24,14,456,"",09:00:00,21:00:00,37.736317,55.909349,15:07:30,15:07:30,15:22:30
24,15,297,"",09:00:00,21:00:00,37.75143,55.916798,15:27:27,15:27:27,15:42:27
24,16,382,"",09:00:00,21:00:00,37.759906,55.909867,15:49:39,15:49:39,16:04:39
24,17,69,"",09:00:00,21:00:00,37.755386,55.908583,16:21:12,16:21:12,16:36:12
24,18,711,"",09:00:00,21:00:00,37.732462,55.896415,16:48:06,16:48:06,17:03:06
24,19,564,"",09:00:00,21:00:00,37.672137,55.895046,17:23:03,17:23:03,17:38:03
24,20,39,"",09:00:00,21:00:00,37.719527,55.878267,17:47:48,17:47:48,18:02:48
24,21,21,"",09:00:00,21:00:00,37.713597,55.877922,18:05:48,18:05:48,18:20:48
24,22,127,"",09:00:00,21:00:00,37.710393,55.872633,18:26:24,18:26:24,18:41:24
24,23,90,"",09:00:00,21:00:00,37.710906,55.859086,19:00:42,19:00:42,19:15:42
24,24,88,"",09:00:00,21:00:00,37.716741,55.859391,19:24:24,19:24:24,19:39:24
24,25,572,"",09:00:00,21:00:00,37.717699,55.854322,19:44:18,19:44:18,19:59:18
24,26,895,"",09:00:00,21:00:00,37.713658,55.849533,20:06:36,20:06:36,20:21:36
25,0,278,"",09:00:00,21:00:00,37.759364,55.88355,09:00:00,09:00:00,09:15:00
25,1,942,"",09:00:00,21:00:00,37.725298,55.877452,09:33:36,09:33:36,09:48:36
25,2,234,"",09:00:00,21:00:00,37.718616,55.866625,09:54:09,09:54:09,10:09:09
25,3,284,"",09:00:00,21:00:00,37.719368,55.87502,10:12:27,10:12:27,10:27:27
25,4,270,"",09:00:00,21:00:00,37.751572,55.868154,10:37:09,10:37:09,10:52:09
25,5,95,"",09:00:00,21:00:00,37.773294,55.858003,10:55:39,10:55:39,11:10:39
25,6,86,"",09:00:00,21:00:00,37.78974,55.849382,11:13:27,11:13:27,11:28:27
25,7,379,"",09:00:00,21:00:00,37.738998,55.896719,11:49:03,11:49:03,12:04:03
25,8,579,"",09:00:00,21:00:00,37.745357,55.887826,12:11:18,12:11:18,12:26:18
25,9,199,"",09:00:00,21:00:00,37.745847,55.888396,12:26:42,12:26:42,12:41:42
25,10,638,"",09:00:00,21:00:00,37.734708,55.880512,12:49:06,12:49:06,13:04:06
25,11,600,"",09:00:00,21:00:00,37.756002,55.898175,13:14:33,13:14:33,13:29:33
25,12,24,"",09:00:00,21:00:00,37.790346,55.905246,13:42:57,13:42:57,13:57:57
25,13,59,"",09:00:00,21:00:00,37.790198,55.917609,14:11:42,14:11:42,14:26:42
25,14,36,"",09:00:00,21:00:00,37.795956,55.914386,14:33:39,14:33:39,14:48:39
25,15,115,"",09:00:00,21:00:00,37.802556,55.912186,14:50:36,14:50:36,15:05:36
25,16,142,"",09:00:00,21:00:00,37.832306,55.911188,15:11:27,15:11:27,15:26:27
25,17,613,"",09:00:00,21:00:00,37.841765,55.890494,15:47:12,15:47:12,16:02:12
25,18,248,"",09:00:00,21:00:00,37.863436,55.882512,16:16:27,16:16:27,16:31:27
25,19,118,"",09:00:00,21:00:00,37.849198,55.89825,16:46:12,16:46:12,17:01:12
25,20,1,"",09:00:00,21:00:00,37.86397,55.916743,17:15:24,17:15:24,17:30:24
25,21,217,"",09:00:00,21:00:00,37.82462,55.911521,17:43:18,17:43:18,17:58:18
25,22,458,"",09:00:00,21:00:00,37.780935,55.896878,18:24:00,18:24:00,18:39:00
25,23,293,"",09:00:00,21:00:00,37.810998,55.897893,19:01:48,19:01:48,19:16:48
25,24,795,"",09:00:00,21:00:00,37.814964,55.891256,19:50:00,19:50:00,20:05:00
26,0,681,"",09:00:00,21:00:00,37.633635,55.919622,09:00:00,09:00:00,09:15:00
26,1,583,"",09:00:00,21:00:00,37.657897,55.91122,09:39:33,09:39:33,09:54:33
26,2,310,"",09:00:00,21:00:00,37.665616,55.905699,10:11:36,10:11:36,10:26:36
26,3,855,"",09:00:00,21:00:00,37.641098,55.901906,10:35:51,10:35:51,10:50:51
26,4,223,"",09:00:00,21:00:00,37.637832,55.902139,10:51:09,10:51:09,11:06:09
26,5,304,"",09:00:00,21:00:00,37.62707,55.908977,11:17:42,11:17:42,11:32:42
26,6,924,"",09:00:00,21:00:00,37.631395,55.905726,11:37:54,11:37:54,11:52:54
26,7,636,"",09:00:00,21:00:00,37.682976,55.910728,12:27:51,12:27:51,12:42:51
26,8,911,"",09:00:00,21:00:00,37.67249,55.904675,13:00:36,13:00:36,13:15:36
26,9,908,"",09:00:00,21:00:00,37.647811,55.882764,13:36:45,13:36:45,13:51:45
26,10,834,"",09:00:00,21:00:00,37.623292,55.882411,14:02:54,14:02:54,14:17:54
26,11,897,"",09:00:00,21:00:00,37.646801,55.878254,14:27:36,14:27:36,14:42:36
26,12,491,"",09:00:00,21:00:00,37.635192,55.875424,14:49:48,14:49:48,15:04:48
26,13,233,"",09:00:00,21:00:00,37.654295,55.871021,15:11:12,15:11:12,15:26:12
26,14,713,"",09:00:00,21:00:00,37.642675,55.870812,15:31:45,15:31:45,15:46:45
26,15,761,"",09:00:00,21:00:00,37.647167,55.868654,15:51:00,15:51:00,16:06:00
26,16,526,"",09:00:00,21:00:00,37.637571,55.864479,16:11:51,16:11:51,16:26:51
26,17,712,"",09:00:00,21:00:00,37.654228,55.84427,16:42:51,16:42:51,16:57:51
26,18,178,"",09:00:00,21:00:00,37.670372,55.844087,17:14:27,17:14:27,17:29:27
26,19,570,"",09:00:00,21:00:00,37.690438,55.895583,18:03:54,18:03:54,18:18:54
26,20,548,"",09:00:00,21:00:00,37.65877,55.877674,18:34:30,18:34:30,18:49:30
26,21,671,"",09:00:00,21:00:00,37.673762,55.877546,18:59:30,18:59:30,19:14:30
26,22,786,"",09:00:00,21:00:00,37.686987,55.880643,19:22:30,19:22:30,19:37:30
26,23,920,"",09:00:00,21:00:00,37.703953,55.882457,19:44:51,19:44:51,19:59:51
26,24,947,"",09:00:00,21:00:00,37.698007,55.883879,20:05:18,20:05:18,20:20:18
27,0,955,"",09:00:00,21:00:00,37.679349,55.839891,09:00:00,09:00:00,09:15:00
27,1,837,"",09:00:00,21:00:00,37.638516,55.833289,09:33:12,09:33:12,09:48:12
27,2,173,"",09:00:00,21:00:00,37.612186,55.830407,10:06:09,10:06:09,10:21:09
27,3,443,"",09:00:00,21:00:00,37.631324,55.830533,10:31:24,10:31:24,10:46:24
27,4,346,"",09:00:00,21:00:00,37.641651,55.829453,10:55:09,10:55:09,11:10:09
27,5,823,"",09:00:00,21:00:00,37.625516,55.860396,11:35:57,11:35:57,11:50:57
27,6,429,"",09:00:00,21:00:00,37.600298,55.843244,12:04:36,12:04:36,12:19:36
27,7,865,"",09:00:00,21:00:00,37.607391,55.826844,12:33:51,12:33:51,12:48:51
27,8,951,"",09:00:00,21:00:00,37.604921,55.829697,12:52:33,12:52:33,13:07:33
27,9,878,"",09:00:00,21:00:00,37.548499,55.869441,13:35:54,13:35:54,13:50:54
27,10,91,"",09:00:00,21:00:00,37.551953,55.877852,13:57:51,13:57:51,14:12:51
27,11,14,"",09:00:00,21:00:00,37.546158,55.884197,14:18:39,14:18:39,14:33:39
27,12,172,"",09:00:00,21:00:00,37.529674,55.875955,14:39:30,14:39:30,14:54:30
27,13,620,"",09:00:00,21:00:00,37.506901,55.868608,15:00:27,15:00:27,15:15:27
27,14,148,"",09:00:00,21:00:00,37.499686,55.876265,15:24:48,15:24:48,15:39:48
27,15,316,"",09:00:00,21:00:00,37.562289,55.892058,16:07:33,16:07:33,16:22:33
27,16,219,"",09:00:00,21:00:00,37.540528,55.892262,16:34:15,16:34:15,16:49:15
27,17,650,"",09:00:00,21:00:00,37.522015,55.883504,16:58:00,16:58:00,17:13:00
27,18,317,"",09:00:00,21:00:00,37.508014,55.887604,17:18:15,17:18:15,17:33:15
27,19,328,"",09:00:00,21:00:00,37.5293,55.906958,17:42:45,17:42:45,17:57:45
27,20,146,"",09:00:00,21:00:00,37.501978,55.889242,18:05:24,18:05:24,18:20:24
27,21,571,"",09:00:00,21:00:00,37.517711,55.90325,18:26:27,18:26:27,18:41:27
27,22,527,"",09:00:00,21:00:00,37.486895,55.888435,18:46:30,18:46:30,19:01:30
27,23,189,"",09:00:00,21:00:00,37.462638,55.872671,19:12:27,19:12:27,19:27:27
27,24,927,"",09:00:00,21:00:00,37.454514,55.868793,19:36:27,19:36:27,19:51:27
27,25,327,"",09:00:00,21:00:00,37.489404,55.870089,20:03:33,20:03:33,20:18:33
27,26,949,"",09:00:00,21:00:00,37.496729,55.875378,20:37:12,20:37:12,20:52:12
28,0,948,"",09:00:00,21:00:00,37.498093,55.857393,09:00:00,09:00:00,09:15:00
28,1,875,"",09:00:00,21:00:00,37.47627,55.854589,09:23:51,09:23:51,09:38:51
28,2,410,"",09:00:00,21:00:00,37.457951,55.86796,09:49:09,09:49:09,10:04:09
28,3,524,"",09:00:00,21:00:00,37.479818,55.880788,10:12:30,10:12:30,10:27:30
28,4,541,"",09:00:00,21:00:00,37.464424,55.880294,10:33:24,10:33:24,10:48:24
28,5,679,"",09:00:00,21:00:00,37.477299,55.904005,11:08:51,11:08:51,11:23:51
28,6,252,"",09:00:00,21:00:00,37.511835,55.89499,11:45:18,11:45:18,12:00:18
28,7,899,"",09:00:00,21:00:00,37.531408,55.865047,12:21:30,12:21:30,12:36:30
28,8,961,"",09:00:00,21:00:00,37.564345,55.869365,12:52:33,12:52:33,13:07:33
28,9,929,"",09:00:00,21:00:00,37.559241,55.845393,13:20:09,13:20:09,13:35:09
28,10,312,"",09:00:00,21:00:00,37.548256,55.844017,13:40:33,13:40:33,13:55:33
28,11,159,"",09:00:00,21:00:00,37.525634,55.85505,14:04:12,14:04:12,14:19:12
28,12,121,"",09:00:00,21:00:00,37.516543,55.85005,14:26:45,14:26:45,14:41:45
28,13,290,"",09:00:00,21:00:00,37.521839,55.842341,14:47:36,14:47:36,15:02:36
28,14,925,"",09:00:00,21:00:00,37.522467,55.827678,15:10:06,15:10:06,15:25:06
28,15,923,"",09:00:00,21:00:00,37.52446,55.841816,15:33:06,15:33:06,15:48:06
28,16,534,"",09:00:00,21:00:00,37.521766,55.83485,15:51:33,15:51:33,16:06:33
28,17,352,"",09:00:00,21:00:00,37.513304,55.845541,16:22:51,16:22:51,16:37:51
28,18,550,"",09:00:00,21:00:00,37.498727,55.844188,16:45:42,16:45:42,17:00:42
28,19,108,"",09:00:00,21:00:00,37.513476,55.861047,17:12:00,17:12:00,17:27:00
28,20,166,"",09:00:00,21:00:00,37.50936,55.839001,17:39:42,17:39:42,17:54:42
28,21,576,"",09:00:00,21:00:00,37.513199,55.837914,17:55:27,17:55:27,18:10:27
28,22,710,"",09:00:00,21:00:00,37.490106,55.835135,18:16:21,18:16:21,18:31:21
28,23,687,"",09:00:00,21:00:00,37.508725,55.862467,18:49:48,18:49:48,19:04:48
28,24,34,"",09:00:00,21:00:00,37.526973,55.856068,19:13:39,19:13:39,19:28:39
28,25,409,"",09:00:00,21:00:00,37.530003,55.851156,19:31:03,19:31:03,19:46:03
28,26,896,"",09:00:00,21:00:00,37.533235,55.847489,19:54:00,19:54:00,20:09:00
29,0,81,"",09:00:00,21:00:00,37.547406,55.783664,09:00:00,09:00:00,09:15:00
29,1,839,"",09:00:00,21:00:00,37.524075,55.791832,09:35:36,09:35:36,09:50:36
29,2,427,"",09:00:00,21:00:00,37.517216,55.798013,09:56:00,09:56:00,10:11:00
29,3,325,"",09:00:00,21:00:00,37.531833,55.793562,10:18:09,10:18:09,10:33:09
29,4,597,"",09:00:00,21:00:00,37.546632,55.791439,10:40:27,10:40:27,10:55:27
29,5,329,"",09:00:00,21:00:00,37.577346,55.78785,11:07:57,11:07:57,11:22:57
29,6,368,"",09:00:00,21:00:00,37.552588,55.739285,11:57:48,11:57:48,12:12:48
29,7,195,"",09:00:00,21:00:00,37.564972,55.744922,12:17:24,12:17:24,12:32:24
29,8,656,"",09:00:00,21:00:00,37.577562,55.737151,12:41:33,12:41:33,12:56:33
29,9,781,"",09:00:00,21:00:00,37.580491,55.73427,13:01:24,13:01:24,13:16:24
29,10,16,"",09:00:00,21:00:00,37.578002,55.727379,13:22:48,13:22:48,13:37:48
29,11,3,"",09:00:00,21:00:00,37.562745,55.715972,13:51:30,13:51:30,14:06:30
29,12,802,"",09:00:00,21:00:00,37.574842,55.717634,14:16:36,14:16:36,14:31:36
29,13,934,"",09:00:00,21:00:00,37.569237,55.717103,14:35:45,14:35:45,14:50:45
29,14,285,"",09:00:00,21:00:00,37.608451,55.725561,15:07:18,15:07:18,15:22:18
29,15,207,"",09:00:00,21:00:00,37.604249,55.718528,15:27:12,15:27:12,15:42:12
29,16,271,"",09:00:00,21:00:00,37.607984,55.705533,15:51:15,15:51:15,16:06:15
29,17,76,"",09:00:00,21:00:00,37.599802,55.710364,16:11:51,16:11:51,16:26:51
29,18,940,"",09:00:00,21:00:00,37.612565,55.719499,16:33:48,16:33:48,16:48:48
29,19,907,"",09:00:00,21:00:00,37.596003,55.734708,17:01:54,17:01:54,17:16:54
29,20,502,"",09:00:00,21:00:00,37.620885,55.745457,17:29:24,17:29:24,17:44:24
29,21,176,"",09:00:00,21:00:00,37.654641,55.738505,17:57:42,17:57:42,18:12:42
29,22,401,"",09:00:00,21:00:00,37.631317,55.741502,18:27:30,18:27:30,18:42:30
29,23,879,"",09:00:00,21:00:00,37.626418,55.725816,18:50:39,18:50:39,19:05:39
29,24,793,"",09:00:00,21:00:00,37.636538,55.726556,19:12:00,19:12:00,19:27:00
29,25,936,"",09:00:00,21:00:00,37.650803,55.725334,19:34:00,19:34:00,19:49:00
29,26,11,"",09:00:00,21:00:00,37.654933,55.730127,19:53:27,19:53:27,20:08:27
29,27,804,"",09:00:00,21:00:00,37.681072,55.733818,20:16:54,20:16:54,20:31:54
30,0,238,"",09:00:00,21:00:00,37.579145,55.739658,09:00:00,09:00:00,09:15:00
30,1,5,"",09:00:00,21:00:00,37.649279,55.733384,09:37:06,09:37:06,09:52:06
30,2,957,"",09:00:00,21:00:00,37.645804,55.750552,10:00:06,10:00:06,10:15:06
30,3,160,"",09:00:00,21:00:00,37.67598,55.728631,10:31:03,10:31:03,10:46:03
30,4,739,"",09:00:00,21:00:00,37.677471,55.747344,10:56:18,10:56:18,11:11:18
30,5,201,"",09:00:00,21:00:00,37.677116,55.758807,11:18:18,11:18:18,11:33:18
30,6,119,"",09:00:00,21:00:00,37.675415,55.760811,11:39:42,11:39:42,11:54:42
30,7,19,"",09:00:00,21:00:00,37.655449,55.775187,12:04:39,12:04:39,12:19:39
30,8,659,"",09:00:00,21:00:00,37.646706,55.775071,12:23:06,12:23:06,12:38:06
30,9,873,"",09:00:00,21:00:00,37.663226,55.772559,12:44:06,12:44:06,12:59:06
30,10,184,"",09:00:00,21:00:00,37.655303,55.774728,13:02:36,13:02:36,13:17:36
30,11,768,"",09:00:00,21:00:00,37.646445,55.788407,13:24:30,13:24:30,13:39:30
30,12,736,"",09:00:00,21:00:00,37.644394,55.782832,13:43:48,13:43:48,13:58:48
30,13,7,"",09:00:00,21:00:00,37.627157,55.765451,14:11:24,14:11:24,14:26:24
30,14,339,"",09:00:00,21:00:00,37.629097,55.78327,14:35:39,14:35:39,14:50:39
30,15,477,"",09:00:00,21:00:00,37.622752,55.792795,14:55:21,14:55:21,15:10:21
30,16,941,"",09:00:00,21:00:00,37.576403,55.772913,15:27:18,15:27:18,15:42:18
30,17,94,"",09:00:00,21:00:00,37.596976,55.775861,15:50:27,15:50:27,16:05:27
30,18,373,"",09:00:00,21:00:00,37.575275,55.775522,16:15:54,16:15:54,16:30:54
30,19,418,"",09:00:00,21:00:00,37.602613,55.775663,16:42:06,16:42:06,16:57:06
30,20,269,"",09:00:00,21:00:00,37.595055,55.777727,17:01:00,17:01:00,17:16:00
30,21,414,"",09:00:00,21:00:00,37.603253,55.781699,17:23:24,17:23:24,17:38:24
30,22,315,"",09:00:00,21:00:00,37.633307,55.775711,17:47:54,17:47:54,18:02:54
30,23,763,"",09:00:00,21:00:00,37.650281,55.770564,18:08:42,18:08:42,18:23:42
30,24,542,"",09:00:00,21:00:00,37.659288,55.776263,18:26:33,18:26:33,18:41:33
30,25,251,"",09:00:00,21:00:00,37.666769,55.777846,18:43:39,18:43:39,18:58:39
30,26,306,"",09:00:00,21:00:00,37.653213,55.787438,19:04:00,19:04:00,19:19:00
30,27,446,"",09:00:00,21:00:00,37.63307,55.79169,19:28:21,19:28:21,19:43:21
30,28,700,"",09:00:00,21:00:00,37.590487,55.801843,19:59:27,19:59:27,20:14:27
31,0,430,"",09:00:00,21:00:00,37.679039,55.803773,09:00:00,09:00:00,09:15:00
31,1,210,"",09:00:00,21:00:00,37.678996,55.796149,09:19:57,09:19:57,09:34:57
31,2,131,"",09:00:00,21:00:00,37.67034,55.779989,09:41:30,09:41:30,09:56:30
31,3,79,"",09:00:00,21:00:00,37.66098,55.785238,10:01:18,10:01:18,10:16:18
31,4,331,"",09:00:00,21:00:00,37.698119,55.811097,10:41:09,10:41:09,10:56:09
31,5,236,"",09:00:00,21:00:00,37.702693,55.819625,11:03:09,11:03:09,11:18:09
31,6,29,"",09:00:00,21:00:00,37.689685,55.822467,11:27:45,11:27:45,11:42:45
31,7,792,"",09:00:00,21:00:00,37.699153,55.826761,11:45:42,11:45:42,12:00:42
31,8,65,"",09:00:00,21:00:00,37.733219,55.826114,12:08:36,12:08:36,12:23:36
31,9,943,"",09:00:00,21:00:00,37.730128,55.833965,12:26:18,12:26:18,12:41:18
31,10,101,"",09:00:00,21:00:00,37.735155,55.822954,12:49:09,12:49:09,13:04:09
31,11,66,"",09:00:00,21:00:00,37.732927,55.832502,13:10:33,13:10:33,13:25:33
31,12,685,"",09:00:00,21:00:00,37.743691,55.836549,13:37:33,13:37:33,13:52:33
31,13,216,"",09:00:00,21:00:00,37.73971,55.830654,14:00:12,14:00:12,14:15:12
31,14,945,"",09:00:00,21:00:00,37.722374,55.828485,14:19:09,14:19:09,14:34:09
31,15,835,"",09:00:00,21:00:00,37.709657,55.832242,14:48:36,14:48:36,15:03:36
31,16,222,"",09:00:00,21:00:00,37.702197,55.838032,15:07:09,15:07:09,15:22:09
31,17,616,"",09:00:00,21:00:00,37.710602,55.827407,15:30:06,15:30:06,15:45:06
31,18,642,"",09:00:00,21:00:00,37.675467,55.80978,15:59:24,15:59:24,16:14:24
31,19,624,"",09:00:00,21:00:00,37.656193,55.791151,16:24:39,16:24:39,16:39:39
31,20,807,"",09:00:00,21:00:00,37.660142,55.793496,16:41:00,16:41:00,16:56:00
31,21,495,"",09:00:00,21:00:00,37.658904,55.804068,17:00:12,17:00:12,17:15:12
31,22,305,"",09:00:00,21:00:00,37.658526,55.807379,17:18:27,17:18:27,17:33:27
31,23,187,"",09:00:00,21:00:00,37.677432,55.803365,17:40:45,17:40:45,17:55:45
31,24,361,"",09:00:00,21:00:00,37.686021,55.782095,18:16:18,18:16:18,18:31:18
31,25,525,"",09:00:00,21:00:00,37.68487,55.779186,18:34:15,18:34:15,18:49:15
31,26,953,"",09:00:00,21:00:00,37.662026,55.756912,19:03:06,19:03:06,19:18:06
31,27,198,"",09:00:00,21:00:00,37.702165,55.748225,19:32:33,19:32:33,19:47:33
31,28,821,"",09:00:00,21:00:00,37.708404,55.742794,19:51:24,19:51:24,20:06:24
31,29,397,"",09:00:00,21:00:00,37.6999,55.739785,20:09:57,20:09:57,20:24:57
32,0,164,"",09:00:00,21:00:00,37.745455,55.742259,09:00:00,09:00:00,09:15:00
32,1,811,"",09:00:00,21:00:00,37.74867,55.732338,09:33:33,09:33:33,09:48:33
32,2,815,"",09:00:00,21:00:00,37.734501,55.738095,10:00:21,10:00:21,10:15:21
32,3,594,"",09:00:00,21:00:00,37.70502,55.747942,10:32:12,10:32:12,10:47:12
32,4,482,"",09:00:00,21:00:00,37.652743,55.724428,11:06:24,11:06:24,11:21:24
32,5,725,"",09:00:00,21:00:00,37.657779,55.724103,11:25:06,11:25:06,11:40:06
32,6,167,"",09:00:00,21:00:00,37.624211,55.715014,11:54:15,11:54:15,12:09:15
32,7,909,"",09:00:00,21:00:00,37.622385,55.701699,12:13:33,12:13:33,12:28:33
32,8,125,"",09:00:00,21:00:00,37.624814,55.691749,12:32:54,12:32:54,12:47:54
32,9,73,"",09:00:00,21:00:00,37.628954,55.706299,13:00:18,13:00:18,13:15:18
32,10,75,"",09:00:00,21:00:00,37.642769,55.717174,13:27:30,13:27:30,13:42:30
32,11,718,"",09:00:00,21:00:00,37.584572,55.709323,14:07:06,14:07:06,14:22:06
32,12,506,"",09:00:00,21:00:00,37.566996,55.703568,14:32:15,14:32:15,14:47:15
32,13,231,"",09:00:00,21:00:00,37.664849,55.706697,15:12:33,15:12:33,15:27:33
32,14,335,"",09:00:00,21:00:00,37.654012,55.695887,15:37:09,15:37:09,15:52:09
32,15,204,"",09:00:00,21:00:00,37.696738,55.710469,16:20:21,16:20:21,16:35:21
32,16,244,"",09:00:00,21:00:00,37.672215,55.698032,16:49:36,16:49:36,17:04:36
32,17,451,"",09:00:00,21:00:00,37.660145,55.690906,17:22:27,17:22:27,17:37:27
32,18,903,"",09:00:00,21:00:00,37.61778,55.686678,18:08:03,18:08:03,18:23:03
32,19,136,"",09:00:00,21:00:00,37.614972,55.686619,18:24:09,18:24:09,18:39:09
32,20,398,"",09:00:00,21:00:00,37.607189,55.680324,18:42:54,18:42:54,18:57:54
32,21,799,"",09:00:00,21:00:00,37.61363,55.677413,19:07:39,19:07:39,19:22:39
32,22,419,"",09:00:00,21:00:00,37.639375,55.696866,19:52:21,19:52:21,20:07:21
33,0,72,"",09:00:00,21:00:00,37.476486,55.686899,09:00:00,09:00:00,09:15:00
33,1,12,"",09:00:00,21:00:00,37.492221,55.680233,09:22:54,09:22:54,09:37:54
33,2,301,"",09:00:00,21:00:00,37.542284,55.683687,09:53:45,09:53:45,10:08:45
33,3,944,"",09:00:00,21:00:00,37.547302,55.694212,10:17:09,10:17:09,10:32:09
33,4,117,"",09:00:00,21:00:00,37.531959,55.693641,10:41:45,10:41:45,10:56:45
33,5,473,"",09:00:00,21:00:00,37.517415,55.697019,11:06:21,11:06:21,11:21:21
33,6,504,"",09:00:00,21:00:00,37.480467,55.684703,11:34:39,11:34:39,11:49:39
33,7,381,"",09:00:00,21:00:00,37.487688,55.678968,11:59:06,11:59:06,12:14:06
33,8,493,"",09:00:00,21:00:00,37.450586,55.683549,12:35:57,12:35:57,12:50:57
33,9,827,"",09:00:00,21:00:00,37.441,55.697708,13:11:03,13:11:03,13:26:03
33,10,674,"",09:00:00,21:00:00,37.415007,55.693812,13:36:48,13:36:48,13:51:48
33,11,689,"",09:00:00,21:00:00,37.444127,55.686144,14:05:39,14:05:39,14:20:39
33,12,489,"",09:00:00,21:00:00,37.447993,55.678988,14:38:00,14:38:00,14:53:00
33,13,522,"",09:00:00,21:00:00,37.445638,55.679026,14:54:12,14:54:12,15:09:12
33,14,969,"",09:00:00,21:00:00,37.458565,55.681254,15:13:21,15:13:21,15:28:21
33,15,859,"",09:00:00,21:00:00,37.525765,55.707689,15:53:09,15:53:09,16:08:09
33,16,738,"",09:00:00,21:00:00,37.529494,55.660057,16:40:15,16:40:15,16:55:15
33,17,759,"",09:00:00,21:00:00,37.547221,55.669816,17:05:00,17:05:00,17:20:00
33,18,619,"",09:00:00,21:00:00,37.586346,55.630273,17:54:48,17:54:48,18:09:48
33,19,457,"",09:00:00,21:00:00,37.600298,55.636073,18:18:03,18:18:03,18:33:03
33,20,356,"",09:00:00,21:00:00,37.59648,55.625815,18:39:27,18:39:27,18:54:27
33,21,508,"",09:00:00,21:00:00,37.58375,55.61312,19:01:00,19:01:00,19:16:00
33,22,185,"",09:00:00,21:00:00,37.616134,55.59666,19:32:30,19:32:30,19:47:30
33,23,17,"",09:00:00,21:00:00,37.568961,55.594247,19:59:15,19:59:15,20:14:15
34,0,408,"",09:00:00,21:00:00,37.638838,55.606678,09:00:00,09:00:00,09:15:00
34,1,707,"",09:00:00,21:00:00,37.640582,55.601114,09:21:33,09:21:33,09:36:33
34,2,867,"",09:00:00,21:00:00,37.619584,55.592034,09:49:15,09:49:15,10:04:15
34,3,591,"",09:00:00,21:00:00,37.657059,55.590419,10:18:12,10:18:12,10:33:12
34,4,18,"",09:00:00,21:00:00,37.644521,55.584162,10:41:27,10:41:27,10:56:27
34,5,682,"",09:00:00,21:00:00,37.647201,55.579679,11:01:45,11:01:45,11:16:45
34,6,422,"",09:00:00,21:00:00,37.620156,55.587776,11:27:45,11:27:45,11:42:45
34,7,358,"",09:00:00,21:00:00,37.627191,55.58785,11:44:30,11:44:30,11:59:30
34,8,971,"",09:00:00,21:00:00,37.625449,55.583856,12:02:12,12:02:12,12:17:12
34,9,529,"",09:00:00,21:00:00,37.637067,55.578482,12:35:18,12:35:18,12:50:18
34,10,850,"",09:00:00,21:00:00,37.61928,55.579671,13:02:27,13:02:27,13:17:27
34,11,816,"",09:00:00,21:00:00,37.580177,55.596081,13:53:54,13:53:54,14:08:54
34,12,287,"",09:00:00,21:00:00,37.579555,55.603145,14:19:42,14:19:42,14:34:42
34,13,967,"",09:00:00,21:00:00,37.571188,55.613857,14:51:09,14:51:09,15:06:09
34,14,853,"",09:00:00,21:00:00,37.568683,55.618408,15:19:48,15:19:48,15:34:48
34,15,756,"",09:00:00,21:00:00,37.562983,55.614003,15:47:36,15:47:36,16:02:36
34,16,959,"",09:00:00,21:00:00,37.57426,55.617612,16:15:24,16:15:24,16:30:24
34,17,848,"",09:00:00,21:00:00,37.577183,55.623729,16:32:39,16:32:39,16:47:39
34,18,257,"",09:00:00,21:00:00,37.498476,55.655268,17:36:27,17:36:27,17:51:27
34,19,211,"",09:00:00,21:00:00,37.456949,55.648439,18:02:30,18:02:30,18:17:30
34,20,511,"",09:00:00,21:00:00,37.472729,55.638128,18:26:33,18:26:33,18:41:33
34,21,465,"",09:00:00,21:00:00,37.484328,55.6497,18:48:54,18:48:54,19:03:54
34,22,394,"",09:00:00,21:00:00,37.502279,55.650266,19:11:06,19:11:06,19:26:06
34,23,123,"",09:00:00,21:00:00,37.493539,55.650659,19:34:06,19:34:06,19:49:06
34,24,966,"",09:00:00,21:00:00,37.498909,55.642174,19:57:24,19:57:24,20:12:24
35,0,904,"",09:00:00,21:00:00,37.423384,55.641739,09:00:00,09:00:00,09:15:00
35,1,883,"",09:00:00,21:00:00,37.425334,55.637039,09:18:45,09:18:45,09:33:45
35,2,226,"",09:00:00,21:00:00,37.426603,55.654187,09:55:24,09:55:24,10:10:24
35,3,846,"",09:00:00,21:00:00,37.439878,55.653525,10:20:48,10:20:48,10:35:48
35,4,15,"",09:00:00,21:00:00,37.433161,55.662946,10:52:15,10:52:15,11:07:15
35,5,144,"",09:00:00,21:00:00,37.426524,55.662883,11:15:00,11:15:00,11:30:00
35,6,250,"",09:00:00,21:00:00,37.407347,55.664733,11:38:18,11:38:18,11:53:18
35,7,109,"",09:00:00,21:00:00,37.391338,55.651477,11:59:12,11:59:12,12:14:12
35,8,190,"",09:00:00,21:00:00,37.398934,55.636656,12:30:27,12:30:27,12:45:27
35,9,371,"",09:00:00,21:00:00,37.407924,55.636553,12:51:03,12:51:03,13:06:03
35,10,299,"",09:00:00,21:00:00,37.389776,55.628095,13:24:06,13:24:06,13:39:06
35,11,584,"",09:00:00,21:00:00,37.382402,55.634609,13:51:27,13:51:27,14:06:27
35,12,962,"",09:00:00,21:00:00,37.388622,55.644094,14:13:03,14:13:03,14:28:03
35,13,744,"",09:00:00,21:00:00,37.355443,55.642508,14:35:57,14:35:57,14:50:57
35,14,22,"",09:00:00,21:00:00,37.360507,55.652256,14:58:06,14:58:06,15:13:06
35,15,273,"",09:00:00,21:00:00,37.345349,55.670238,15:37:27,15:37:27,15:52:27
35,16,680,"",09:00:00,21:00:00,37.366772,55.659153,16:20:27,16:20:27,16:35:27
35,17,537,"",09:00:00,21:00:00,37.345501,55.665657,16:47:27,16:47:27,17:02:27
35,18,157,"",09:00:00,21:00:00,37.34672,55.662219,17:11:03,17:11:03,17:26:03
35,19,432,"",09:00:00,21:00:00,37.364157,55.646681,17:34:21,17:34:21,17:49:21
35,20,242,"",09:00:00,21:00:00,37.374301,55.639572,17:53:36,17:53:36,18:08:36
35,21,852,"",09:00:00,21:00:00,37.344814,55.631244,18:16:18,18:16:18,18:31:18
35,22,753,"",09:00:00,21:00:00,37.360166,55.625264,18:40:21,18:40:21,18:55:21
35,23,677,"",09:00:00,21:00:00,37.356398,55.601971,19:06:18,19:06:18,19:21:18
35,24,515,"",09:00:00,21:00:00,37.343884,55.575768,19:42:09,19:42:09,19:57:09
