0,0,240,"",09:00:00,12:00:00,37.656722,55.685579,09:00:00,09:00:00,09:15:00
0,1,860,"",09:00:00,12:00:00,37.452249,55.644325,10:19:36,10:19:36,10:34:36
0,2,205,"",09:00:00,12:00:00,37.39642,55.761322,11:33:54,11:33:54,11:48:54
0,3,229,"",12:00:00,15:00:00,37.381241,55.765655,12:03:03,12:03:03,12:18:03
0,4,716,"",12:00:00,15:00:00,37.596201,55.905278,13:32:06,13:32:06,13:47:06
0,5,695,"",12:00:00,15:00:00,37.632097,55.897248,14:10:57,14:10:57,14:25:57
0,6,366,"",15:00:00,18:00:00,37.624789,55.88763,14:37:51,15:00:00,15:15:00
0,7,80,"",15:00:00,18:00:00,37.353158,55.793079,16:24:21,16:24:21,16:39:21
0,8,201,"",15:00:00,18:00:00,37.441372,55.905207,17:31:21,17:31:21,17:46:21
0,9,231,"",15:00:00,18:00:00,37.457163,55.896536,17:55:42,17:55:42,18:10:42
0,10,261,"",18:00:00,21:00:00,37.406841,55.88953,18:32:54,18:32:54,18:47:54
0,11,956,"",18:00:00,21:00:00,37.396515,55.805092,19:25:09,19:25:09,19:40:09
0,12,854,"",18:00:00,21:00:00,37.357026,55.80012,20:00:54,20:00:54,20:15:54
1,0,122,"",09:00:00,12:00:00,37.615907,55.792295,09:00:00,09:00:00,09:15:00
1,1,100,"",09:00:00,12:00:00,37.353827,55.902088,10:33:15,10:33:15,10:48:15
1,2,377,"",09:00:00,12:00:00,37.355625,55.878555,11:03:03,11:03:03,11:18:03
1,3,615,"",09:00:00,12:00:00,37.344014,55.893329,11:32:30,11:32:30,11:47:30
1,4,617,"",09:00:00,12:00:00,37.344414,55.895925,11:49:24,11:49:24,12:04:24
1,5,68,"",12:00:00,15:00:00,37.405854,55.894904,12:34:42,12:34:42,12:49:42
1,6,387,"",12:00:00,15:00:00,37.629483,55.88422,13:45:12,13:45:12,14:00:12
1,7,584,"",12:00:00,15:00:00,37.600356,55.885565,14:14:06,14:14:06,14:29:06
1,8,845,"",12:00:00,15:00:00,37.579773,55.858976,14:49:09,14:49:09,15:04:09
1,9,582,"",15:00:00,18:00:00,37.6192,55.856923,15:19:42,15:19:42,15:34:42
1,10,834,"",15:00:00,18:00:00,37.691187,55.877228,15:59:06,15:59:06,16:14:06
1,11,905,"",15:00:00,18:00:00,37.668085,55.714904,17:16:57,17:16:57,17:31:57
1,12,918,"",15:00:00,18:00:00,37.654892,55.704135,17:37:15,17:37:15,17:52:15
1,13,489,"",18:00:00,21:00:00,37.681658,55.710723,18:01:18,18:01:18,18:16:18
1,14,792,"",18:00:00,21:00:00,37.649336,55.870515,19:25:24,19:25:24,19:40:24
1,15,750,"",18:00:00,21:00:00,37.663653,55.863349,19:47:57,19:47:57,20:02:57
1,16,601,"",18:00:00,21:00:00,37.693058,55.844381,20:18:03,20:18:03,20:33:03
1,17,204,"",18:00:00,21:00:00,37.705042,55.859652,20:48:15,20:48:15,21:03:15
2,0,422,"",09:00:00,12:00:00,37.798531,55.78461,09:00:00,09:00:00,09:15:00
2,1,359,"",09:00:00,12:00:00,37.73467,55.801458,09:54:12,09:54:12,10:09:12
2,2,322,"",09:00:00,12:00:00,37.791113,55.616588,11:25:45,11:25:45,11:40:45
2,3,811,"",09:00:00,12:00:00,37.833499,55.651025,11:57:27,11:57:27,12:12:27
2,4,576,"",12:00:00,15:00:00,37.704359,55.654888,12:52:18,12:52:18,13:07:18
2,5,44,"",12:00:00,15:00:00,37.752108,55.680459,13:28:09,13:28:09,13:43:09
2,6,69,"",12:00:00,15:00:00,37.708109,55.720832,14:11:57,14:11:57,14:26:57
2,7,406,"",12:00:00,15:00:00,37.688411,55.710418,14:42:42,14:42:42,14:57:42
2,8,938,"",15:00:00,18:00:00,37.690227,55.718842,15:02:39,15:02:39,15:17:39
2,9,712,"",15:00:00,18:00:00,37.727698,55.757199,15:53:48,15:53:48,16:08:48
2,10,142,"",15:00:00,18:00:00,37.736981,55.77667,16:21:03,16:21:03,16:36:03
2,11,67,"",15:00:00,18:00:00,37.820843,55.796228,17:02:42,17:02:42,17:17:42
2,12,533,"",15:00:00,18:00:00,37.80422,55.825976,17:39:15,17:39:15,17:54:15
2,13,714,"",18:00:00,21:00:00,37.831193,55.844877,18:07:30,18:07:30,18:22:30
2,14,435,"",18:00:00,21:00:00,37.584444,55.897506,19:44:48,19:44:48,19:59:48
2,15,481,"",18:00:00,21:00:00,37.55714,55.912727,20:19:57,20:19:57,20:34:57
2,16,159,"",18:00:00,21:00:00,37.568939,55.914264,20:49:24,20:49:24,21:04:24
3,0,19,"",09:00:00,12:00:00,37.585958,55.584546,09:00:00,09:00:00,09:15:00
3,1,7,"",09:00:00,12:00:00,37.762813,55.872723,11:33:39,11:33:39,11:48:39
3,2,786,"",09:00:00,12:00:00,37.775301,55.865886,11:50:48,11:50:48,12:05:48
3,3,683,"",12:00:00,15:00:00,37.758053,55.844478,13:02:57,13:02:57,13:17:57
3,4,126,"",12:00:00,15:00:00,37.705584,55.783206,14:24:09,14:24:09,14:39:09
3,5,367,"",12:00:00,15:00:00,37.737974,55.794573,14:56:57,14:56:57,15:11:57
3,6,295,"",15:00:00,18:00:00,37.707312,55.81298,15:28:45,15:28:45,15:43:45
3,7,556,"",15:00:00,18:00:00,37.526924,55.682779,16:57:51,16:57:51,17:12:51
3,8,52,"",15:00:00,18:00:00,37.522759,55.665689,17:23:24,17:23:24,17:38:24
3,9,368,"",15:00:00,18:00:00,37.541996,55.658386,17:49:21,17:49:21,18:04:21
3,10,747,"",18:00:00,21:00:00,37.517527,55.643296,18:15:45,18:15:45,18:30:45
3,11,394,"",18:00:00,21:00:00,37.499927,55.627513,18:48:30,18:48:30,19:03:30
3,12,165,"",18:00:00,21:00:00,37.508365,55.621669,19:12:00,19:12:00,19:27:00
3,13,962,"",18:00:00,21:00:00,37.448746,55.604467,19:48:03,19:48:03,20:03:03
3,14,545,"",18:00:00,21:00:00,37.440053,55.592797,20:36:51,20:36:51,20:51:51
4,0,141,"",09:00:00,12:00:00,37.828056,55.745044,09:00:00,09:00:00,09:15:00
4,1,502,"",09:00:00,12:00:00,37.349758,55.73545,11:14:54,11:14:54,11:29:54
4,2,286,"",12:00:00,15:00:00,37.426461,55.608059,12:51:36,12:51:36,13:06:36
4,3,636,"",12:00:00,15:00:00,37.454748,55.569705,14:06:57,14:06:57,14:21:57
4,4,746,"",12:00:00,15:00:00,37.484784,55.58453,14:48:06,14:48:06,15:03:06
4,5,150,"",15:00:00,18:00:00,37.510078,55.569553,15:25:15,15:25:15,15:40:15
4,6,640,"",15:00:00,18:00:00,37.822252,55.69692,17:22:36,17:22:36,17:37:36
4,7,356,"",15:00:00,18:00:00,37.796016,55.703897,17:47:51,17:47:51,18:02:51
4,8,903,"",18:00:00,21:00:00,37.77805,55.733173,18:42:42,18:42:42,18:57:42
5,0,190,"",09:00:00,12:00:00,37.640833,55.74763,09:00:00,09:00:00,09:15:00
5,1,431,"",09:00:00,12:00:00,37.429536,55.81364,10:33:33,10:33:33,10:48:33
5,2,348,"",09:00:00,12:00:00,37.582571,55.764656,11:56:51,11:56:51,12:11:51
5,3,906,"",12:00:00,15:00:00,37.613887,55.82763,12:55:00,12:55:00,13:10:00
5,4,243,"",12:00:00,15:00:00,37.635391,55.841379,13:25:18,13:25:18,13:40:18
5,5,593,"",12:00:00,15:00:00,37.605947,55.890254,14:12:48,14:12:48,14:27:48
5,6,404,"",12:00:00,15:00:00,37.575526,55.867899,14:56:51,14:56:51,15:11:51
5,7,454,"",15:00:00,18:00:00,37.706395,55.878935,15:56:24,15:56:24,16:11:24
5,8,285,"",15:00:00,18:00:00,37.711473,55.895027,16:39:54,16:39:54,16:54:54
5,9,439,"",15:00:00,18:00:00,37.701061,55.88384,17:22:24,17:22:24,17:37:24
5,10,609,"",15:00:00,18:00:00,37.703208,55.874802,17:46:09,17:46:09,18:01:09
5,11,16,"",18:00:00,21:00:00,37.725683,55.876593,18:30:39,18:30:39,18:45:39
5,12,605,"",18:00:00,21:00:00,37.700755,55.80326,19:21:30,19:21:30,19:36:30
5,13,739,"",18:00:00,21:00:00,37.659452,55.813007,19:52:36,19:52:36,20:07:36
5,14,191,"",18:00:00,21:00:00,37.672462,55.80013,20:25:21,20:25:21,20:40:21
6,0,180,"",09:00:00,12:00:00,37.659892,55.865727,09:00:00,09:00:00,09:15:00
6,1,391,"",09:00:00,12:00:00,37.56849,55.788443,09:58:15,09:58:15,10:13:15
6,2,3,"",09:00:00,12:00:00,37.533905,55.593746,11:31:33,11:31:33,11:46:33
6,3,916,"",09:00:00,12:00:00,37.543849,55.614112,11:55:42,11:55:42,12:10:42
6,4,370,"",12:00:00,15:00:00,37.53004,55.563354,13:21:42,13:21:42,13:36:42
6,5,727,"",12:00:00,15:00:00,37.547027,55.562458,13:51:00,13:51:00,14:06:00
6,6,140,"",15:00:00,18:00:00,37.553657,55.575373,14:52:57,15:00:00,15:15:00
6,7,951,"",15:00:00,18:00:00,37.431925,55.825399,16:47:06,16:47:06,17:02:06
6,8,765,"",15:00:00,18:00:00,37.394564,55.835287,17:22:36,17:22:36,17:37:36
6,9,847,"",15:00:00,18:00:00,37.41825,55.856864,17:52:06,17:52:06,18:07:06
6,10,929,"",18:00:00,21:00:00,37.442441,55.869276,18:17:06,18:17:06,18:32:06
6,11,908,"",18:00:00,21:00:00,37.855673,55.838357,20:01:00,20:01:00,20:16:00
6,12,635,"",18:00:00,21:00:00,37.845495,55.841806,20:24:06,20:24:06,20:39:06
7,0,420,"",09:00:00,12:00:00,37.423252,55.700988,09:00:00,09:00:00,09:15:00
7,1,674,"",09:00:00,12:00:00,37.447519,55.680123,09:39:48,09:39:48,09:54:48
7,2,563,"",09:00:00,12:00:00,37.7889,55.585437,11:17:12,11:17:12,11:32:12
7,3,51,"",09:00:00,12:00:00,37.769569,55.578228,11:42:30,11:42:30,11:57:30
7,4,835,"",12:00:00,15:00:00,37.813386,55.578183,12:52:27,12:52:27,13:07:27
7,5,43,"",12:00:00,15:00:00,37.814385,55.582596,13:10:54,13:10:54,13:25:54
7,6,187,"",12:00:00,15:00:00,37.817979,55.580879,13:29:51,13:29:51,13:44:51
7,7,129,"",15:00:00,18:00:00,37.812068,55.576677,13:48:51,15:00:00,15:15:00
7,8,544,"",15:00:00,18:00:00,37.744295,55.621518,16:21:48,16:21:48,16:36:48
7,9,42,"",15:00:00,18:00:00,37.520628,55.576332,17:58:24,17:58:24,18:13:24
7,10,504,"",18:00:00,21:00:00,37.495908,55.583173,18:44:18,18:44:18,18:59:18
8,0,871,"",09:00:00,12:00:00,37.589205,55.825712,09:00:00,09:00:00,09:15:00
8,1,718,"",09:00:00,12:00:00,37.662493,55.895725,10:04:24,10:04:24,10:19:24
8,2,226,"",09:00:00,12:00:00,37.44004,55.873095,10:58:33,10:58:33,11:13:33
8,3,514,"",09:00:00,12:00:00,37.515227,55.85457,11:42:48,11:42:48,11:57:48
8,4,947,"",12:00:00,15:00:00,37.478932,55.892713,12:17:51,12:17:51,12:32:51
8,5,127,"",12:00:00,15:00:00,37.583116,55.702167,13:52:15,13:52:15,14:07:15
8,6,741,"",12:00:00,15:00:00,37.747574,55.635257,14:58:15,14:58:15,15:13:15
8,7,128,"",15:00:00,18:00:00,37.854762,55.759495,16:08:15,16:08:15,16:23:15
8,8,630,"",15:00:00,18:00:00,37.772274,55.79081,16:53:42,16:53:42,17:08:42
8,9,681,"",15:00:00,18:00:00,37.776997,55.785274,17:13:30,17:13:30,17:28:30
8,10,212,"",15:00:00,18:00:00,37.735968,55.790946,17:42:24,17:42:24,17:57:24
8,11,883,"",18:00:00,21:00:00,37.741974,55.78487,18:01:48,18:01:48,18:16:48
8,12,298,"",18:00:00,21:00:00,37.538219,55.841422,19:15:03,19:15:03,19:30:03
8,13,175,"",18:00:00,21:00:00,37.586914,55.836267,19:51:00,19:51:00,20:06:00
8,14,321,"",18:00:00,21:00:00,37.592065,55.861038,20:19:54,20:19:54,20:34:54
9,0,425,"",09:00:00,12:00:00,37.476288,55.706798,09:00:00,09:00:00,09:15:00
9,1,47,"",09:00:00,12:00:00,37.373692,55.779258,10:04:03,10:04:03,10:19:03
9,2,397,"",09:00:00,12:00:00,37.477043,55.834259,11:28:21,11:28:21,11:43:21
9,3,892,"",12:00:00,15:00:00,37.520837,55.855885,12:14:42,12:14:42,12:29:42
9,4,652,"",12:00:00,15:00:00,37.402797,55.861766,13:35:06,13:35:06,13:50:06
9,5,529,"",12:00:00,15:00:00,37.533605,55.863533,14:30:15,14:30:15,14:45:15
9,6,661,"",12:00:00,15:00:00,37.554149,55.877093,14:55:42,14:55:42,15:10:42
9,7,15,"",15:00:00,18:00:00,37.547955,55.851777,15:40:42,15:40:42,15:55:42
9,8,278,"",15:00:00,18:00:00,37.462689,55.791243,16:37:03,16:37:03,16:52:03
9,9,339,"",15:00:00,18:00:00,37.406575,55.844729,17:29:00,17:29:00,17:44:00
9,10,518,"",15:00:00,18:00:00,37.443903,55.836281,17:57:54,17:57:54,18:12:54
9,11,216,"",18:00:00,21:00:00,37.435821,55.852446,18:21:45,18:21:45,18:36:45
9,12,728,"",18:00:00,21:00:00,37.672987,55.914149,19:38:24,19:38:24,19:53:24
9,13,297,"",18:00:00,21:00:00,37.681224,55.896627,20:11:18,20:11:18,20:26:18
10,0,188,"",09:00:00,12:00:00,37.746848,55.746067,09:00:00,09:00:00,09:15:00
10,1,646,"",09:00:00,12:00:00,37.694842,55.743604,09:57:18,09:57:18,10:12:18
10,2,671,"",09:00:00,12:00:00,37.630359,55.834399,11:08:45,11:08:45,11:23:45
10,3,573,"",09:00:00,12:00:00,37.611371,55.83762,11:34:30,11:34:30,11:49:30
10,4,66,"",12:00:00,15:00:00,37.671772,55.849649,12:17:18,12:17:18,12:32:18
10,5,921,"",12:00:00,15:00:00,37.659799,55.915927,13:07:09,13:07:09,13:22:09
10,6,767,"",12:00:00,15:00:00,37.665142,55.914079,13:27:42,13:27:42,13:42:42
10,7,788,"",12:00:00,15:00:00,37.679099,55.896217,14:04:42,14:04:42,14:19:42
10,8,384,"",12:00:00,15:00:00,37.748689,55.895833,14:41:54,14:41:54,14:56:54
10,9,125,"",15:00:00,18:00:00,37.724767,55.887349,15:06:36,15:06:36,15:21:36
10,10,292,"",15:00:00,18:00:00,37.389719,55.62227,17:46:42,17:46:42,18:01:42
10,11,612,"",18:00:00,21:00:00,37.371308,55.612761,18:24:27,18:24:27,18:39:27
10,12,491,"",18:00:00,21:00:00,37.382634,55.591826,19:20:00,19:20:00,19:35:00
10,13,433,"",18:00:00,21:00:00,37.343964,55.599311,19:51:12,19:51:12,20:06:12
11,0,653,"",09:00:00,12:00:00,37.551366,55.785566,09:00:00,09:00:00,09:15:00
11,1,882,"",09:00:00,12:00:00,37.551074,55.768704,09:27:30,09:27:30,09:42:30
11,2,826,"",09:00:00,12:00:00,37.395786,55.702339,10:38:42,10:38:42,10:53:42
11,3,935,"",09:00:00,12:00:00,37.367839,55.679472,11:21:00,11:21:00,11:36:00
11,4,668,"",12:00:00,15:00:00,37.362577,55.685855,11:41:15,12:00:00,12:15:00
11,5,383,"",12:00:00,15:00:00,37.358123,55.77833,12:53:57,12:53:57,13:08:57
11,6,59,"",12:00:00,15:00:00,37.495955,55.744189,13:49:45,13:49:45,14:04:45
11,7,382,"",12:00:00,15:00:00,37.605985,55.768103,14:34:24,14:34:24,14:49:24
11,8,820,"",15:00:00,18:00:00,37.651705,55.817194,15:18:09,15:18:09,15:33:09
11,9,752,"",15:00:00,18:00:00,37.53603,55.691066,16:33:15,16:33:15,16:48:15
11,10,688,"",15:00:00,18:00:00,37.402603,55.660747,17:28:27,17:28:27,17:43:27
11,11,449,"",15:00:00,18:00:00,37.397796,55.663858,17:49:33,17:49:33,18:04:33
11,12,552,"",18:00:00,21:00:00,37.386857,55.663273,18:07:42,18:07:42,18:22:42
11,13,553,"",18:00:00,21:00:00,37.416454,55.72477,18:58:30,18:58:30,19:13:30
11,14,210,"",18:00:00,21:00:00,37.354393,55.682095,19:49:21,19:49:21,20:04:21
11,15,526,"",18:00:00,21:00:00,37.385904,55.687694,20:22:27,20:22:27,20:37:27
11,16,696,"",18:00:00,21:00:00,37.371391,55.678457,20:53:57,20:53:57,21:08:57
12,0,855,"",09:00:00,12:00:00,37.741351,55.72702,09:00:00,09:00:00,09:15:00
12,1,557,"",09:00:00,12:00:00,37.669346,55.669868,10:08:12,10:08:12,10:23:12
12,2,599,"",09:00:00,12:00:00,37.724239,55.561399,11:41:12,11:41:12,11:56:12
12,3,939,"",12:00:00,15:00:00,37.680876,55.562842,12:12:48,12:12:48,12:27:48
12,4,744,"",12:00:00,15:00:00,37.626359,55.570486,12:58:09,12:58:09,13:13:09
12,5,910,"",12:00:00,15:00:00,37.581142,55.605018,13:47:51,13:47:51,14:02:51
12,6,378,"",12:00:00,15:00:00,37.622003,55.623994,14:26:57,14:26:57,14:41:57
12,7,230,"",12:00:00,15:00:00,37.627079,55.600465,14:58:15,14:58:15,15:13:15
12,8,462,"",15:00:00,18:00:00,37.397993,55.689889,16:11:51,16:11:51,16:26:51
12,9,239,"",15:00:00,18:00:00,37.370314,55.758648,16:54:06,16:54:06,17:09:06
12,10,70,"",15:00:00,18:00:00,37.418056,55.736302,17:32:27,17:32:27,17:47:27
12,11,444,"",18:00:00,21:00:00,37.395748,55.73495,17:55:36,18:00:00,18:15:00
12,12,509,"",18:00:00,21:00:00,37.439992,55.634572,19:04:21,19:04:21,19:19:21
12,13,578,"",18:00:00,21:00:00,37.429546,55.64411,19:39:39,19:39:39,19:54:39
12,14,795,"",18:00:00,21:00:00,37.436856,55.653071,20:10:39,20:10:39,20:25:39
12,15,120,"",18:00:00,21:00:00,37.449964,55.64556,20:37:33,20:37:33,20:52:33
13,0,131,"",09:00:00,12:00:00,37.853123,55.771416,09:00:00,09:00:00,09:15:00
13,1,248,"",09:00:00,12:00:00,37.564025,55.598537,10:55:45,10:55:45,11:10:45
13,2,209,"",09:00:00,12:00:00,37.636263,55.596583,11:59:42,11:59:42,12:14:42
13,3,409,"",12:00:00,15:00:00,37.520608,55.602959,12:51:09,12:51:09,13:06:09
13,4,255,"",12:00:00,15:00:00,37.835216,55.648625,14:07:06,14:07:06,14:22:06
13,5,355,"",12:00:00,15:00:00,37.82624,55.636429,14:33:12,14:33:12,14:48:12
13,6,279,"",15:00:00,18:00:00,37.813667,55.649072,15:11:39,15:11:39,15:26:39
13,7,832,"",15:00:00,18:00:00,37.489118,55.646492,17:08:57,17:08:57,17:23:57
13,8,88,"",15:00:00,18:00:00,37.45637,55.685585,17:49:27,17:49:27,18:04:27
13,9,1,"",18:00:00,21:00:00,37.515293,55.694379,18:29:39,18:29:39,18:44:39
13,10,273,"",18:00:00,21:00:00,37.523762,55.61132,19:42:51,19:42:51,19:57:51
13,11,460,"",18:00:00,21:00:00,37.558926,55.621419,20:06:00,20:06:00,20:21:00
14,0,598,"",09:00:00,12:00:00,37.561257,55.718326,09:00:00,09:00:00,09:15:00
14,1,779,"",09:00:00,12:00:00,37.582082,55.741266,09:36:03,09:36:03,09:51:03
14,2,23,"",09:00:00,12:00:00,37.507612,55.701248,10:22:15,10:22:15,10:37:15
14,3,828,"",09:00:00,12:00:00,37.591677,55.601742,11:28:03,11:28:03,11:43:03
14,4,253,"",09:00:00,12:00:00,37.576023,55.597988,11:51:45,11:51:45,12:06:45
14,5,198,"",12:00:00,15:00:00,37.650836,55.664022,12:53:48,12:53:48,13:08:48
14,6,200,"",12:00:00,15:00:00,37.749463,55.616091,13:47:15,13:47:15,14:02:15
14,7,761,"",12:00:00,15:00:00,37.752595,55.636867,14:17:36,14:17:36,14:32:36
14,8,958,"",12:00:00,15:00:00,37.693644,55.633641,14:50:57,14:50:57,15:05:57
14,9,665,"",15:00:00,18:00:00,37.707622,55.657082,15:36:24,15:36:24,15:51:24
14,10,174,"",15:00:00,18:00:00,37.804494,55.687084,16:33:36,16:33:36,16:48:36
14,11,5,"",15:00:00,18:00:00,37.811962,55.663655,17:14:54,17:14:54,17:29:54
14,12,276,"",15:00:00,18:00:00,37.793619,55.650461,17:38:03,17:38:03,17:53:03
14,13,106,"",18:00:00,21:00:00,37.83379,55.638638,18:04:48,18:04:48,18:19:48
14,14,211,"",18:00:00,21:00:00,37.714741,55.60747,18:53:42,18:53:42,19:08:42
14,15,965,"",18:00:00,21:00:00,37.68866,55.638117,19:26:57,19:26:57,19:41:57
14,16,620,"",18:00:00,21:00:00,37.391375,55.654398,20:52:51,20:52:51,21:07:51
15,0,909,"",09:00:00,12:00:00,37.697113,55.690605,09:00:00,09:00:00,09:15:00
15,1,925,"",09:00:00,12:00:00,37.713152,55.60641,09:58:24,09:58:24,10:13:24
15,2,902,"",09:00:00,12:00:00,37.845082,55.644429,10:47:36,10:47:36,11:02:36
15,3,821,"",09:00:00,12:00:00,37.737421,55.635642,11:33:36,11:33:36,11:48:36
15,4,817,"",09:00:00,12:00:00,37.728361,55.635056,11:50:18,11:50:18,12:05:18
15,5,316,"",12:00:00,15:00:00,37.782601,55.644712,12:28:42,12:28:42,12:43:42
15,6,315,"",12:00:00,15:00:00,37.790857,55.567775,13:59:03,13:59:03,14:14:03
15,7,645,"",12:00:00,15:00:00,37.772185,55.582925,14:43:06,14:43:06,14:58:06
15,8,389,"",15:00:00,18:00:00,37.700012,55.846552,17:12:18,17:12:18,17:27:18
15,9,376,"",15:00:00,18:00:00,37.72239,55.845424,17:36:54,17:36:54,17:51:54
16,0,914,"",09:00:00,12:00:00,37.799528,55.917236,09:00:00,09:00:00,09:15:00
16,1,478,"",09:00:00,12:00:00,37.780987,55.634756,11:09:00,11:09:00,11:24:00
16,2,271,"",09:00:00,12:00:00,37.707752,55.612102,11:51:48,11:51:48,12:06:48
16,3,245,"",12:00:00,15:00:00,37.669719,55.64209,12:23:48,12:23:48,12:38:48
16,4,548,"",12:00:00,15:00:00,37.682938,55.587072,13:07:09,13:07:09,13:22:09
16,5,55,"",12:00:00,15:00:00,37.720769,55.586001,13:35:54,13:35:54,13:50:54
16,6,891,"",12:00:00,15:00:00,37.669321,55.560042,14:18:33,14:18:33,14:33:33
16,7,723,"",12:00:00,15:00:00,37.654748,55.574589,14:48:06,14:48:06,15:03:06
16,8,186,"",15:00:00,18:00:00,37.643314,55.577284,15:06:27,15:06:27,15:21:27
16,9,616,"",15:00:00,18:00:00,37.6781,55.785981,16:42:42,16:42:42,16:57:42
16,10,510,"",15:00:00,18:00:00,37.67199,55.766076,17:08:57,17:08:57,17:23:57
16,11,794,"",15:00:00,18:00:00,37.647704,55.7768,17:33:12,17:33:12,17:48:12
16,12,818,"",15:00:00,18:00:00,37.642619,55.778321,17:50:51,17:50:51,18:05:51
16,13,173,"",18:00:00,21:00:00,37.640102,55.801238,18:17:36,18:17:36,18:32:36
16,14,606,"",18:00:00,21:00:00,37.8562,55.684417,19:42:30,19:42:30,19:57:30
16,15,413,"",18:00:00,21:00:00,37.865849,55.697361,20:05:24,20:05:24,20:20:24
16,16,775,"",18:00:00,21:00:00,37.83401,55.699614,20:33:33,20:33:33,20:48:33
16,17,81,"",18:00:00,21:00:00,37.834333,55.702996,20:51:03,20:51:03,21:06:03
17,0,448,"",09:00:00,12:00:00,37.728841,55.869702,09:00:00,09:00:00,09:15:00
17,1,963,"",09:00:00,12:00:00,37.660436,55.830279,09:57:03,09:57:03,10:12:03
17,2,424,"",09:00:00,12:00:00,37.587523,55.742387,10:58:18,10:58:18,11:13:18
17,3,893,"",09:00:00,12:00:00,37.682576,55.736476,11:39:24,11:39:24,11:54:24
17,4,527,"",12:00:00,15:00:00,37.705326,55.720739,12:07:45,12:07:45,12:22:45
17,5,649,"",12:00:00,15:00:00,37.564974,55.65666,13:04:21,13:04:21,13:19:21
17,6,521,"",12:00:00,15:00:00,37.711187,55.64316,14:20:27,14:20:27,14:35:27
17,7,760,"",12:00:00,15:00:00,37.757137,55.665436,14:52:18,14:52:18,15:07:18
17,8,76,"",15:00:00,18:00:00,37.672417,55.661603,15:56:03,15:56:03,16:11:03
17,9,692,"",15:00:00,18:00:00,37.672956,55.660053,16:13:48,16:13:48,16:28:48
17,10,508,"",15:00:00,18:00:00,37.749222,55.703253,17:23:21,17:23:21,17:38:21
17,11,829,"",15:00:00,18:00:00,37.729745,55.723863,17:49:36,17:49:36,18:04:36
17,12,45,"",18:00:00,21:00:00,37.7502,55.724539,18:10:27,18:10:27,18:25:27
17,13,465,"",18:00:00,21:00:00,37.793629,55.631642,19:26:00,19:26:00,19:41:00
17,14,861,"",18:00:00,21:00:00,37.807401,55.620045,20:06:45,20:06:45,20:21:45
18,0,291,"",09:00:00,12:00:00,37.869041,55.916211,09:00:00,09:00:00,09:15:00
18,1,763,"",09:00:00,12:00:00,37.406899,55.726296,11:11:57,11:11:57,11:26:57
18,2,901,"",09:00:00,12:00:00,37.407945,55.71519,11:32:24,11:32:24,11:47:24
18,3,354,"",09:00:00,12:00:00,37.399013,55.70653,11:56:33,11:56:33,12:11:33
18,4,219,"",12:00:00,15:00:00,37.41988,55.734014,12:30:15,12:30:15,12:45:15
18,5,591,"",12:00:00,15:00:00,37.380941,55.697368,13:12:45,13:12:45,13:27:45
18,6,214,"",12:00:00,15:00:00,37.446826,55.703677,14:04:09,14:04:09,14:19:09
18,7,135,"",12:00:00,15:00:00,37.430168,55.698773,14:35:27,14:35:27,14:50:27
18,8,0,"",15:00:00,18:00:00,37.356221,55.689796,15:29:30,15:29:30,15:44:30
18,9,207,"",15:00:00,18:00:00,37.519685,55.65792,16:42:03,16:42:03,16:57:03
18,10,257,"",15:00:00,18:00:00,37.477543,55.667166,17:09:15,17:09:15,17:24:15
18,11,790,"",15:00:00,18:00:00,37.494377,55.662745,17:36:21,17:36:21,17:51:21
19,0,299,"",09:00:00,12:00:00,37.661973,55.610676,09:00:00,09:00:00,09:15:00
19,1,176,"",09:00:00,12:00:00,37.443597,55.603588,10:20:42,10:20:42,10:35:42
19,2,144,"",09:00:00,12:00:00,37.413681,55.56278,11:17:24,11:17:24,11:32:24
19,3,511,"",09:00:00,12:00:00,37.343779,55.563554,11:59:00,11:59:00,12:14:00
19,4,177,"",12:00:00,15:00:00,37.358127,55.568939,12:20:45,12:20:45,12:35:45
19,5,162,"",12:00:00,15:00:00,37.381243,55.790161,13:54:54,13:54:54,14:09:54
19,6,146,"",12:00:00,15:00:00,37.385335,55.787425,14:44:54,14:44:54,14:59:54
19,7,417,"",15:00:00,18:00:00,37.439225,55.708734,15:47:42,15:47:42,16:02:42
19,8,886,"",15:00:00,18:00:00,37.343257,55.751232,17:01:36,17:01:36,17:16:36
19,9,327,"",15:00:00,18:00:00,37.351197,55.764338,17:39:42,17:39:42,17:54:42
20,0,757,"",09:00:00,12:00:00,37.602183,55.736213,09:00:00,09:00:00,09:15:00
20,1,876,"",09:00:00,12:00:00,37.479119,55.724637,09:47:00,09:47:00,10:02:00
20,2,473,"",09:00:00,12:00:00,37.524386,55.660727,10:37:51,10:37:51,10:52:51
20,3,849,"",09:00:00,12:00:00,37.532617,55.713699,11:19:33,11:19:33,11:34:33
20,4,745,"",09:00:00,12:00:00,37.506251,55.697881,11:45:45,11:45:45,12:00:45
20,5,743,"",12:00:00,15:00:00,37.529658,55.681911,12:16:36,12:16:36,12:31:36
20,6,915,"",12:00:00,15:00:00,37.654817,55.683696,13:11:39,13:11:39,13:26:39
20,7,959,"",12:00:00,15:00:00,37.789343,55.695165,14:11:42,14:11:42,14:26:42
20,8,352,"",12:00:00,15:00:00,37.723719,55.699825,14:55:42,14:55:42,15:10:42
20,9,698,"",15:00:00,18:00:00,37.722511,55.68231,15:22:09,15:22:09,15:37:09
20,10,647,"",15:00:00,18:00:00,37.816254,55.78736,16:37:15,16:37:15,16:52:15
20,11,124,"",15:00:00,18:00:00,37.816269,55.771063,16:58:18,16:58:18,17:13:18
20,12,324,"",15:00:00,18:00:00,37.73314,55.754484,17:32:36,17:32:36,17:47:36
20,13,486,"",15:00:00,18:00:00,37.699712,55.757784,17:55:12,17:55:12,18:10:12
20,14,254,"",18:00:00,21:00:00,37.664837,55.758956,18:22:06,18:22:06,18:37:06
20,15,410,"",18:00:00,21:00:00,37.56581,55.799304,19:17:18,19:17:18,19:32:18
20,16,294,"",18:00:00,21:00:00,37.558617,55.81339,19:44:48,19:44:48,19:59:48
20,17,561,"",18:00:00,21:00:00,37.57372,55.801345,20:11:24,20:11:24,20:26:24
20,18,311,"",18:00:00,21:00:00,37.534277,55.80499,20:39:54,20:39:54,20:54:54
21,0,756,"",09:00:00,12:00:00,37.421957,55.795278,09:00:00,09:00:00,09:15:00
21,1,138,"",09:00:00,12:00:00,37.378231,55.656244,10:38:33,10:38:33,10:53:33
21,2,149,"",09:00:00,12:00:00,37.375558,55.658005,10:55:36,10:55:36,11:10:36
21,3,164,"",09:00:00,12:00:00,37.408803,55.653893,11:25:09,11:25:09,11:40:09
21,4,121,"",09:00:00,12:00:00,37.420933,55.644229,11:46:27,11:46:27,12:01:27
21,5,283,"",12:00:00,15:00:00,37.383877,55.651917,12:16:00,12:16:00,12:31:00
21,6,401,"",12:00:00,15:00:00,37.490284,55.722018,13:19:09,13:19:09,13:34:09
21,7,806,"",12:00:00,15:00:00,37.671447,55.846463,14:51:51,14:51:51,15:06:51
21,8,693,"",15:00:00,18:00:00,37.634879,55.83953,15:22:36,15:22:36,15:37:36
21,9,800,"",15:00:00,18:00:00,37.398255,55.856857,16:41:24,16:41:24,16:56:24
21,10,208,"",15:00:00,18:00:00,37.381881,55.855448,17:25:18,17:25:18,17:40:18
22,0,274,"",09:00:00,12:00:00,37.763405,55.879159,09:00:00,09:00:00,09:15:00
22,1,385,"",09:00:00,12:00:00,37.56324,55.74089,10:42:00,10:42:00,10:57:00
22,2,362,"",09:00:00,12:00:00,37.602169,55.692354,11:32:06,11:32:06,11:47:06
22,3,791,"",09:00:00,12:00:00,37.614189,55.700756,11:51:51,11:51:51,12:06:51
22,4,772,"",12:00:00,15:00:00,37.648935,55.698402,12:30:48,12:30:48,12:45:48
22,5,532,"",12:00:00,15:00:00,37.46426,55.636572,13:58:54,13:58:54,14:13:54
22,6,82,"",12:00:00,15:00:00,37.426158,55.672145,14:28:18,14:28:18,14:43:18
22,7,654,"",12:00:00,15:00:00,37.41972,55.694958,14:58:21,14:58:21,15:13:21
22,8,762,"",15:00:00,18:00:00,37.395652,55.681236,15:32:45,15:32:45,15:47:45
22,9,922,"",15:00:00,18:00:00,37.455906,55.622714,16:30:45,16:30:45,16:45:45
22,10,941,"",15:00:00,18:00:00,37.421498,55.624082,17:13:12,17:13:12,17:28:12
22,11,866,"",15:00:00,18:00:00,37.457603,55.611284,17:57:18,17:57:18,18:12:18
22,12,275,"",18:00:00,21:00:00,37.484232,55.593512,18:33:24,18:33:24,18:48:24
22,13,400,"",18:00:00,21:00:00,37.485201,55.586697,18:58:54,18:58:54,19:13:54
22,14,123,"",18:00:00,21:00:00,37.483993,55.621695,19:45:18,19:45:18,20:00:18
22,15,673,"",18:00:00,21:00:00,37.444213,55.636197,20:26:57,20:26:57,20:41:57
23,0,232,"",09:00:00,12:00:00,37.629857,55.91046,09:00:00,09:00:00,09:15:00
23,1,629,"",09:00:00,12:00:00,37.486401,55.790041,10:27:54,10:27:54,10:42:54
23,2,97,"",09:00:00,12:00:00,37.504688,55.827168,11:11:42,11:11:42,11:26:42
23,3,577,"",09:00:00,12:00:00,37.519418,55.826474,11:31:48,11:31:48,11:46:48
23,4,446,"",09:00:00,12:00:00,37.500254,55.833238,11:56:51,11:56:51,12:11:51
23,5,857,"",12:00:00,15:00:00,37.531253,55.824487,12:28:48,12:28:48,12:43:48
23,6,840,"",12:00:00,15:00:00,37.50565,55.806292,13:03:36,13:03:36,13:18:36
23,7,754,"",12:00:00,15:00:00,37.770137,55.634212,14:45:48,14:45:48,15:00:48
23,8,729,"",15:00:00,18:00:00,37.784229,55.652447,15:39:33,15:39:33,15:54:33
23,9,890,"",15:00:00,18:00:00,37.630639,55.717434,17:07:45,17:07:45,17:22:45
23,10,79,"",15:00:00,18:00:00,37.621139,55.721385,17:26:24,17:26:24,17:41:24
23,11,323,"",18:00:00,21:00:00,37.593967,55.700346,17:55:00,18:00:00,18:15:00
23,12,651,"",18:00:00,21:00:00,37.603049,55.696668,18:22:24,18:22:24,18:37:24
23,13,911,"",18:00:00,21:00:00,37.645682,55.698235,19:02:18,19:02:18,19:17:18
24,0,388,"",09:00:00,12:00:00,37.464759,55.768641,09:00:00,09:00:00,09:15:00
24,1,49,"",09:00:00,12:00:00,37.500176,55.78428,09:28:18,09:28:18,09:43:18
24,2,804,"",09:00:00,12:00:00,37.532868,55.88228,10:35:45,10:35:45,10:50:45
24,3,720,"",09:00:00,12:00:00,37.388736,55.822194,11:33:00,11:33:00,11:48:00
24,4,691,"",09:00:00,12:00:00,37.379287,55.79882,11:56:45,11:56:45,12:11:45
24,5,375,"",12:00:00,15:00:00,37.379087,55.776497,12:23:06,12:23:06,12:38:06
24,6,18,"",12:00:00,15:00:00,37.775174,55.720442,14:27:27,14:27:27,14:42:27
24,7,344,"",12:00:00,15:00:00,37.80135,55.731579,14:51:30,14:51:30,15:06:30
24,8,946,"",15:00:00,18:00:00,37.793571,55.728992,15:14:42,15:14:42,15:29:42
24,9,330,"",15:00:00,18:00:00,37.614599,55.706849,16:35:36,16:35:36,16:50:36
24,10,839,"",15:00:00,18:00:00,37.587543,55.723467,17:15:30,17:15:30,17:30:30
24,11,596,"",15:00:00,18:00:00,37.608306,55.760897,17:52:03,17:52:03,18:07:03
24,12,33,"",18:00:00,21:00:00,37.556029,55.745367,18:28:57,18:28:57,18:43:57
24,13,416,"",18:00:00,21:00:00,37.524687,55.861608,19:42:45,19:42:45,19:57:45
24,14,953,"",18:00:00,21:00:00,37.51216,55.839264,20:10:00,20:10:00,20:25:00
24,15,748,"",18:00:00,21:00:00,37.500606,55.825366,20:43:12,20:43:12,20:58:12
25,0,534,"",09:00:00,12:00:00,37.777546,55.73572,09:00:00,09:00:00,09:15:00
25,1,841,"",09:00:00,12:00:00,37.788269,55.916325,10:33:24,10:33:24,10:48:24
25,2,217,"",09:00:00,12:00:00,37.838862,55.907301,11:13:12,11:13:12,11:28:12
25,3,85,"",09:00:00,12:00:00,37.805459,55.919842,11:42:03,11:42:03,11:57:03
25,4,56,"",12:00:00,15:00:00,37.73152,55.906833,12:23:36,12:23:36,12:38:36
25,5,468,"",12:00:00,15:00:00,37.346246,55.835327,14:06:36,14:06:36,14:21:36
25,6,303,"",12:00:00,15:00:00,37.354715,55.814945,14:36:54,14:36:54,14:51:54
25,7,713,"",15:00:00,18:00:00,37.435627,55.827416,15:21:51,15:21:51,15:36:51
25,8,759,"",15:00:00,18:00:00,37.489656,55.828088,16:10:48,16:10:48,16:25:48
25,9,119,"",15:00:00,18:00:00,37.548145,55.795859,16:49:09,16:49:09,17:04:09
25,10,568,"",15:00:00,18:00:00,37.606227,55.813237,17:29:39,17:29:39,17:44:39
25,11,179,"",15:00:00,18:00:00,37.620862,55.817787,17:53:30,17:53:30,18:08:30
25,12,350,"",18:00:00,21:00:00,37.588511,55.804124,18:27:00,18:27:00,18:42:00
25,13,272,"",18:00:00,21:00:00,37.435965,55.850924,19:40:09,19:40:09,19:55:09
25,14,32,"",18:00:00,21:00:00,37.452479,55.838604,20:03:45,20:03:45,20:18:45
25,15,542,"",18:00:00,21:00:00,37.449153,55.832052,20:25:27,20:25:27,20:40:27
25,16,506,"",18:00:00,21:00:00,37.447903,55.814118,20:51:54,20:51:54,21:06:54
26,0,109,"",09:00:00,12:00:00,37.856669,55.810156,09:00:00,09:00:00,09:15:00
26,1,474,"",09:00:00,12:00:00,37.683323,55.843468,10:39:33,10:39:33,10:54:33
26,2,658,"",09:00:00,12:00:00,37.69425,55.774851,11:39:48,11:39:48,11:54:48
26,3,721,"",12:00:00,15:00:00,37.702769,55.774014,12:07:36,12:07:36,12:22:36
26,4,732,"",12:00:00,15:00:00,37.820975,55.743302,13:02:21,13:02:21,13:17:21
26,5,386,"",12:00:00,15:00:00,37.677425,55.583626,14:13:09,14:13:09,14:28:09
26,6,466,"",12:00:00,15:00:00,37.683221,55.589724,14:32:33,14:32:33,14:47:33
26,7,805,"",15:00:00,18:00:00,37.690605,55.602367,15:09:00,15:09:00,15:24:00
26,8,538,"",15:00:00,18:00:00,37.361598,55.677631,17:08:57,17:08:57,17:23:57
26,9,537,"",15:00:00,18:00:00,37.393228,55.681006,17:51:27,17:51:27,18:06:27
26,10,54,"",18:00:00,21:00:00,37.40465,55.658072,18:26:18,18:26:18,18:41:18
26,11,490,"",18:00:00,21:00:00,37.579567,55.580488,19:17:51,19:17:51,19:32:51
26,12,737,"",18:00:00,21:00:00,37.623311,55.572637,19:47:54,19:47:54,20:02:54
26,13,74,"",18:00:00,21:00:00,37.60489,55.573289,20:24:00,20:24:00,20:39:00
26,14,572,"",18:00:00,21:00:00,37.625331,55.577023,20:55:06,20:55:06,21:10:06
27,0,440,"",09:00:00,12:00:00,37.46261,55.645359,09:00:00,09:00:00,09:15:00
27,1,961,"",09:00:00,12:00:00,37.381549,55.70741,10:04:57,10:04:57,10:19:57
27,2,57,"",09:00:00,12:00:00,37.569622,55.8029,11:31:00,11:31:00,11:46:00
27,3,302,"",09:00:00,12:00:00,37.590387,55.793994,11:55:06,11:55:06,12:10:06
27,4,365,"",12:00:00,15:00:00,37.512669,55.812931,12:59:51,12:59:51,13:14:51
27,5,395,"",12:00:00,15:00:00,37.582551,55.685436,14:19:24,14:19:24,14:34:24
27,6,89,"",12:00:00,15:00:00,37.643074,55.656183,14:58:30,14:58:30,15:13:30
27,7,948,"",15:00:00,18:00:00,37.648054,55.649848,15:17:57,15:17:57,15:32:57
27,8,48,"",15:00:00,18:00:00,37.439367,55.778359,16:48:54,16:48:54,17:03:54
27,9,705,"",15:00:00,18:00:00,37.465691,55.832122,17:51:03,17:51:03,18:06:03
28,0,233,"",09:00:00,12:00:00,37.67376,55.596225,09:00:00,09:00:00,09:15:00
28,1,594,"",09:00:00,12:00:00,37.664968,55.585607,09:23:33,09:23:33,09:38:33
28,2,560,"",09:00:00,12:00:00,37.827302,55.69995,10:29:09,10:29:09,10:44:09
28,3,24,"",09:00:00,12:00:00,37.823821,55.768752,11:12:30,11:12:30,11:27:30
28,4,569,"",09:00:00,12:00:00,37.831054,55.813821,11:47:03,11:47:03,12:02:03
28,5,328,"",12:00:00,15:00:00,37.846316,55.80818,12:11:06,12:11:06,12:26:06
28,6,662,"",12:00:00,15:00:00,37.632093,55.911353,13:24:24,13:24:24,13:39:24
28,7,464,"",12:00:00,15:00:00,37.685072,55.844497,14:29:42,14:29:42,14:44:42
28,8,912,"",12:00:00,15:00:00,37.691431,55.863025,14:59:21,14:59:21,15:14:21
28,9,105,"",15:00:00,18:00:00,37.704365,55.872647,15:24:39,15:24:39,15:39:39
28,10,155,"",15:00:00,18:00:00,37.665618,55.689394,16:56:33,16:56:33,17:11:33
28,11,574,"",15:00:00,18:00:00,37.71962,55.793301,17:58:18,17:58:18,18:13:18
28,12,733,"",18:00:00,21:00:00,37.749768,55.842456,19:13:48,19:13:48,19:28:48
29,0,711,"",09:00:00,12:00:00,37.701351,55.715765,09:00:00,09:00:00,09:15:00
29,1,28,"",09:00:00,12:00:00,37.502893,55.650165,10:15:09,10:15:09,10:30:09
29,2,887,"",09:00:00,12:00:00,37.661811,55.769614,11:35:03,11:35:03,11:50:03
29,3,670,"",09:00:00,12:00:00,37.634447,55.766937,11:59:33,11:59:33,12:14:33
29,4,244,"",12:00:00,15:00:00,37.645084,55.797012,12:34:09,12:34:09,12:49:09
29,5,256,"",12:00:00,15:00:00,37.607858,55.795574,13:05:51,13:05:51,13:20:51
29,6,525,"",12:00:00,15:00:00,37.742968,55.814041,14:00:21,14:00:21,14:15:21
29,7,675,"",12:00:00,15:00:00,37.71816,55.823077,14:27:30,14:27:30,14:42:30
29,8,719,"",15:00:00,18:00:00,37.69818,55.821786,14:54:12,15:00:00,15:15:00
29,9,183,"",15:00:00,18:00:00,37.806957,55.659825,16:42:12,16:42:12,16:57:12
29,10,408,"",15:00:00,18:00:00,37.864941,55.670067,17:21:45,17:21:45,17:36:45
29,11,897,"",15:00:00,18:00:00,37.867531,55.655589,17:52:06,17:52:06,18:07:06
29,12,72,"",18:00:00,21:00:00,37.825686,55.620189,18:48:54,18:48:54,19:03:54
30,0,215,"",09:00:00,12:00:00,37.443308,55.91516,09:00:00,09:00:00,09:15:00
30,1,143,"",09:00:00,12:00:00,37.748945,55.871964,11:11:36,11:11:36,11:26:36
30,2,310,"",09:00:00,12:00:00,37.780156,55.852232,11:50:00,11:50:00,12:05:00
30,3,10,"",12:00:00,15:00:00,37.81949,55.815072,12:32:15,12:32:15,12:47:15
30,4,778,"",12:00:00,15:00:00,37.844216,55.731432,13:15:24,13:15:24,13:30:24
30,5,484,"",12:00:00,15:00:00,37.823468,55.717133,13:49:39,13:49:39,14:04:39
30,6,684,"",12:00:00,15:00:00,37.821534,55.65348,14:41:24,14:41:24,14:56:24
30,7,626,"",15:00:00,18:00:00,37.801018,55.665532,15:09:54,15:09:54,15:24:54
30,8,26,"",15:00:00,18:00:00,37.706213,55.659606,16:02:39,16:02:39,16:17:39
30,9,114,"",15:00:00,18:00:00,37.759982,55.668222,16:35:18,16:35:18,16:50:18
30,10,477,"",15:00:00,18:00:00,37.810063,55.640345,17:13:00,17:13:00,17:28:00
30,11,450,"",15:00:00,18:00:00,37.745219,55.59877,17:48:09,17:48:09,18:03:09
30,12,895,"",18:00:00,21:00:00,37.802027,55.594333,18:40:48,18:40:48,18:55:48
30,13,587,"",18:00:00,21:00:00,37.783205,55.589739,19:14:39,19:14:39,19:29:39
31,0,725,"",09:00:00,12:00:00,37.714904,55.685702,09:00:00,09:00:00,09:15:00
31,1,755,"",09:00:00,12:00:00,37.411594,55.800419,10:51:39,10:51:39,11:06:39
31,2,907,"",09:00:00,12:00:00,37.382232,55.791367,11:17:03,11:17:03,11:32:03
31,3,551,"",09:00:00,12:00:00,37.458525,55.807452,11:55:24,11:55:24,12:10:24
31,4,158,"",12:00:00,15:00:00,37.462505,55.801317,12:20:42,12:20:42,12:35:42
31,5,872,"",12:00:00,15:00:00,37.868003,55.76678,14:23:24,14:23:24,14:38:24
31,6,769,"",12:00:00,15:00:00,37.853574,55.789482,14:51:27,14:51:27,15:06:27
31,7,669,"",15:00:00,18:00:00,37.698397,55.843561,16:42:21,16:42:21,16:57:21
31,8,519,"",15:00:00,18:00:00,37.672251,55.842487,17:21:45,17:21:45,17:36:45
31,9,86,"",15:00:00,18:00:00,37.651592,55.84926,17:51:03,17:51:03,18:06:03
31,10,928,"",18:00:00,21:00:00,37.620034,55.846035,18:18:36,18:18:36,18:33:36
31,11,224,"",18:00:00,21:00:00,37.629564,55.754023,19:18:30,19:18:30,19:33:30
31,12,738,"",18:00:00,21:00:00,37.652028,55.760363,19:46:09,19:46:09,20:01:09
31,13,441,"",18:00:00,21:00:00,37.656688,55.736692,20:16:21,20:16:21,20:31:21
32,0,865,"",09:00:00,12:00:00,37.802592,55.688452,09:00:00,09:00:00,09:15:00
32,1,329,"",09:00:00,12:00:00,37.687927,55.709163,10:04:09,10:04:09,10:19:09
32,2,112,"",09:00:00,12:00:00,37.490696,55.743226,11:16:57,11:16:57,11:31:57
32,3,933,"",12:00:00,15:00:00,37.498713,55.702756,11:54:00,12:00:00,12:15:00
32,4,888,"",12:00:00,15:00:00,37.632647,55.596084,13:21:33,13:21:33,13:36:33
32,5,281,"",12:00:00,15:00:00,37.526747,55.601184,14:17:45,14:17:45,14:32:45
32,6,168,"",12:00:00,15:00:00,37.520334,55.620909,14:51:27,14:51:27,15:06:27
32,7,950,"",15:00:00,18:00:00,37.48485,55.628989,15:18:15,15:18:15,15:33:15
32,8,21,"",15:00:00,18:00:00,37.411036,55.565931,16:12:48,16:12:48,16:27:48
32,9,228,"",15:00:00,18:00:00,37.464892,55.643097,17:20:48,17:20:48,17:35:48
32,10,789,"",15:00:00,18:00:00,37.471967,55.669408,17:49:33,17:49:33,18:04:33
32,11,284,"",18:00:00,21:00:00,37.504569,55.675964,18:15:21,18:15:21,18:30:21
32,12,708,"",18:00:00,21:00:00,37.59143,55.727775,18:56:03,18:56:03,19:11:03
32,13,64,"",18:00:00,21:00:00,37.528211,55.715146,19:37:54,19:37:54,19:52:54
32,14,94,"",18:00:00,21:00:00,37.529082,55.71419,19:57:48,19:57:48,20:12:48
32,15,813,"",18:00:00,21:00:00,37.522278,55.709316,20:17:27,20:17:27,20:32:27
32,16,648,"",18:00:00,21:00:00,37.495919,55.72169,20:46:21,20:46:21,21:01:21
33,0,437,"",09:00:00,12:00:00,37.634342,55.671787,09:00:00,09:00:00,09:15:00
33,1,337,"",09:00:00,12:00:00,37.600745,55.746376,09:53:06,09:53:06,10:08:06
33,2,36,"",09:00:00,12:00:00,37.525408,55.869812,11:02:24,11:02:24,11:17:24
33,3,104,"",09:00:00,12:00:00,37.523829,55.880585,11:23:24,11:23:24,11:38:24
33,4,802,"",09:00:00,12:00:00,37.539828,55.872752,11:45:42,11:45:42,12:00:42
33,5,277,"",12:00:00,15:00:00,37.581137,55.860562,12:24:18,12:24:18,12:39:18
33,6,250,"",12:00:00,15:00:00,37.562483,55.641347,14:28:42,14:28:42,14:43:42
33,7,852,"",12:00:00,15:00:00,37.554572,55.62063,14:55:51,14:55:51,15:10:51
33,8,412,"",15:00:00,18:00:00,37.538729,55.60008,15:20:24,15:20:24,15:35:24
33,9,595,"",15:00:00,18:00:00,37.387388,55.840568,16:47:27,16:47:27,17:02:27
33,10,134,"",15:00:00,18:00:00,37.363752,55.820267,17:21:39,17:21:39,17:36:39
33,11,894,"",18:00:00,21:00:00,37.362031,55.821946,17:39:06,18:00:00,18:15:00
33,12,251,"",18:00:00,21:00:00,37.379648,55.812939,18:31:09,18:31:09,18:46:09
33,13,566,"",18:00:00,21:00:00,37.412003,55.75044,19:17:21,19:17:21,19:32:21
33,14,13,"",18:00:00,21:00:00,37.473427,55.76431,19:56:42,19:56:42,20:11:42
33,15,507,"",18:00:00,21:00:00,37.532972,55.772232,20:39:33,20:39:33,20:54:33
34,0,345,"",09:00:00,12:00:00,37.703817,55.618797,09:00:00,09:00:00,09:15:00
34,1,203,"",09:00:00,12:00:00,37.846083,55.639868,09:52:30,09:52:30,10:07:30
34,2,900,"",09:00:00,12:00:00,37.866821,55.60219,10:45:54,10:45:54,11:00:54
34,3,512,"",09:00:00,12:00:00,37.866655,55.617941,11:13:09,11:13:09,11:28:09
34,4,639,"",09:00:00,12:00:00,37.842128,55.623565,11:38:33,11:38:33,11:53:33
34,5,483,"",12:00:00,15:00:00,37.842447,55.623248,11:53:36,12:00:00,12:15:00
34,6,927,"",12:00:00,15:00:00,37.803397,55.840902,13:22:00,13:22:00,13:37:00
34,7,623,"",12:00:00,15:00:00,37.817371,55.769161,14:27:42,14:27:42,14:42:42
34,8,300,"",12:00:00,15:00:00,37.772562,55.772068,14:56:54,14:56:54,15:11:54
34,9,488,"",15:00:00,18:00:00,37.784185,55.804687,15:45:03,15:45:03,16:00:03
34,10,536,"",15:00:00,18:00:00,37.49075,55.823926,17:06:45,17:06:45,17:21:45
34,11,259,"",15:00:00,18:00:00,37.508758,55.847278,17:49:24,17:49:24,18:04:24
35,0,851,"",09:00:00,12:00:00,37.342471,55.658423,09:00:00,09:00:00,09:15:00
35,1,685,"",09:00:00,12:00:00,37.65563,55.905444,11:22:54,11:22:54,11:37:54
35,2,234,"",12:00:00,15:00:00,37.655477,55.895752,12:06:21,12:06:21,12:21:21
35,3,604,"",12:00:00,15:00:00,37.388597,55.786993,13:25:03,13:25:03,13:40:03
35,4,282,"",12:00:00,15:00:00,37.421895,55.787924,13:47:18,13:47:18,14:02:18
35,5,181,"",12:00:00,15:00:00,37.398266,55.776462,14:21:54,14:21:54,14:36:54
35,6,393,"",15:00:00,18:00:00,37.349783,55.781622,15:05:36,15:05:36,15:20:36
35,7,814,"",15:00:00,18:00:00,37.761473,55.887469,16:52:33,16:52:33,17:07:33
35,8,877,"",15:00:00,18:00:00,37.651047,55.901774,17:44:57,17:44:57,17:59:57
35,9,863,"",18:00:00,21:00:00,37.682533,55.912318,18:24:39,18:24:39,18:39:39
36,0,414,"",09:00:00,12:00:00,37.49872,55.778563,09:00:00,09:00:00,09:15:00
36,1,543,"",09:00:00,12:00:00,37.347664,55.850576,10:07:00,10:07:00,10:22:00
36,2,581,"",09:00:00,12:00:00,37.445229,55.853851,10:51:42,10:51:42,11:06:42
36,3,213,"",09:00:00,12:00:00,37.397624,55.848539,11:32:15,11:32:15,11:47:15
36,4,313,"",12:00:00,15:00:00,37.589455,55.759476,12:50:15,12:50:15,13:05:15
36,5,428,"",12:00:00,15:00:00,37.382523,55.748312,14:10:57,14:10:57,14:25:57
36,6,470,"",12:00:00,15:00:00,37.426514,55.730141,14:53:30,14:53:30,15:08:30
36,7,710,"",15:00:00,18:00:00,37.503968,55.734576,15:34:21,15:34:21,15:49:21
36,8,75,"",15:00:00,18:00:00,37.486368,55.699598,16:21:51,16:21:51,16:36:51
36,9,12,"",15:00:00,18:00:00,37.494983,55.650192,17:13:36,17:13:36,17:28:36
36,10,715,"",15:00:00,18:00:00,37.522684,55.630172,17:47:27,17:47:27,18:02:27
36,11,926,"",18:00:00,21:00:00,37.534452,55.631435,18:07:57,18:07:57,18:22:57
36,12,809,"",18:00:00,21:00:00,37.571064,55.66493,18:45:15,18:45:15,19:00:15
36,13,830,"",18:00:00,21:00:00,37.464705,55.709881,19:45:24,19:45:24,20:00:24
36,14,430,"",18:00:00,21:00:00,37.441581,55.695315,20:24:48,20:24:48,20:39:48
36,15,531,"",18:00:00,21:00:00,37.436932,55.710909,20:59:18,20:59:18,21:14:18
37,0,937,"",09:00:00,12:00:00,37.750904,55.679077,09:00:00,09:00:00,09:15:00
37,1,260,"",09:00:00,12:00:00,37.612998,55.847301,10:34:12,10:34:12,10:49:12
37,2,14,"",09:00:00,12:00:00,37.735502,55.815532,11:31:36,11:31:36,11:46:36
37,3,485,"",09:00:00,12:00:00,37.763446,55.826838,11:58:57,11:58:57,12:13:57
37,4,237,"",12:00:00,15:00:00,37.78739,55.831511,12:24:39,12:24:39,12:39:39
37,5,843,"",12:00:00,15:00:00,37.522836,55.653118,14:35:54,14:35:54,14:50:54
37,6,220,"",12:00:00,15:00:00,37.530996,55.649443,14:55:09,14:55:09,15:10:09
37,7,803,"",15:00:00,18:00:00,37.468693,55.602999,15:36:21,15:36:21,15:51:21
37,8,288,"",15:00:00,18:00:00,37.778715,55.672845,17:13:30,17:13:30,17:28:30
37,9,487,"",15:00:00,18:00:00,37.752463,55.673164,17:36:48,17:36:48,17:51:48
37,10,73,"",18:00:00,21:00:00,37.783227,55.663292,18:01:30,18:01:30,18:16:30
37,11,192,"",18:00:00,21:00:00,37.743182,55.680473,18:30:48,18:30:48,18:45:48
37,12,156,"",18:00:00,21:00:00,37.491528,55.734166,19:52:51,19:52:51,20:07:51
37,13,379,"",18:00:00,21:00:00,37.450254,55.724905,20:24:24,20:24:24,20:39:24
38,0,924,"",09:00:00,12:00:00,37.341656,55.703142,09:00:00,09:00:00,09:15:00
38,1,62,"",09:00:00,12:00:00,37.439037,55.814279,10:48:42,10:48:42,11:03:42
38,2,726,"",09:00:00,12:00:00,37.44041,55.814679,11:07:03,11:07:03,11:22:03
38,3,132,"",12:00:00,15:00:00,37.46796,55.782818,12:24:48,12:24:48,12:39:48
38,4,571,"",12:00:00,15:00:00,37.569812,55.799976,13:13:51,13:13:51,13:28:51
38,5,268,"",12:00:00,15:00:00,37.550348,55.709592,14:24:51,14:24:51,14:39:51
38,6,390,"",15:00:00,18:00:00,37.471426,55.800788,15:45:03,15:45:03,16:00:03
38,7,686,"",15:00:00,18:00:00,37.667611,55.801237,17:03:36,17:03:36,17:18:36
38,8,381,"",15:00:00,18:00:00,37.682197,55.8233,17:41:54,17:41:54,17:56:54
38,9,874,"",18:00:00,21:00:00,37.707629,55.836648,18:04:48,18:04:48,18:19:48
38,10,899,"",18:00:00,21:00:00,37.78288,55.895665,20:04:27,20:04:27,20:19:27
38,11,266,"",18:00:00,21:00:00,37.800252,55.905771,20:44:15,20:44:15,20:59:15
39,0,516,"",09:00:00,12:00:00,37.653047,55.660202,09:00:00,09:00:00,09:15:00
39,1,541,"",09:00:00,12:00:00,37.397958,55.565106,10:39:18,10:39:18,10:54:18
39,2,622,"",09:00:00,12:00:00,37.353131,55.562269,11:21:15,11:21:15,11:36:15
39,3,469,"",09:00:00,12:00:00,37.372353,55.579064,11:53:27,11:53:27,12:08:27
39,4,837,"",12:00:00,15:00:00,37.346688,55.602574,12:28:33,12:28:33,12:43:33
39,5,130,"",12:00:00,15:00:00,37.445564,55.619418,13:10:03,13:10:03,13:25:03
39,6,189,"",12:00:00,15:00:00,37.48434,55.607242,13:41:27,13:41:27,13:56:27
39,7,884,"",12:00:00,15:00:00,37.418487,55.593856,14:48:36,14:48:36,15:03:36
39,8,93,"",15:00:00,18:00:00,37.453793,55.60223,15:39:27,15:39:27,15:54:27
39,9,656,"",15:00:00,18:00:00,37.6229,55.593278,16:56:45,16:56:45,17:11:45
39,10,666,"",15:00:00,18:00:00,37.59116,55.597932,17:37:27,17:37:27,17:52:27
39,11,358,"",18:00:00,21:00:00,37.575917,55.601801,18:01:45,18:01:45,18:16:45
39,12,585,"",18:00:00,21:00:00,37.744005,55.752631,20:00:48,20:00:48,20:15:48
39,13,320,"",18:00:00,21:00:00,37.741976,55.760046,20:24:21,20:24:21,20:39:21
39,14,796,"",18:00:00,21:00:00,37.764437,55.750979,20:49:00,20:49:00,21:04:00
40,0,896,"",09:00:00,12:00:00,37.700681,55.890576,09:00:00,09:00:00,09:15:00
40,1,318,"",09:00:00,12:00:00,37.538974,55.855942,10:24:24,10:24:24,10:39:24
40,2,624,"",09:00:00,12:00:00,37.553653,55.874689,11:10:36,11:10:36,11:25:36
40,3,807,"",09:00:00,12:00:00,37.56891,55.873604,11:32:33,11:32:33,11:47:33
40,4,8,"",12:00:00,15:00:00,37.563474,55.845577,12:02:39,12:02:39,12:17:39
40,5,136,"",12:00:00,15:00:00,37.760637,55.592904,14:05:30,14:05:30,14:20:30
40,6,436,"",12:00:00,15:00:00,37.738134,55.568342,14:57:15,14:57:15,15:12:15
40,7,522,"",15:00:00,18:00:00,37.775393,55.564393,15:41:30,15:41:30,15:56:30
40,8,672,"",15:00:00,18:00:00,37.860343,55.576563,16:56:12,16:56:12,17:11:12
40,9,148,"",18:00:00,21:00:00,37.869227,55.568548,17:28:24,18:00:00,18:15:00
41,0,91,"",09:00:00,12:00:00,37.648491,55.612498,09:00:00,09:00:00,09:15:00
41,1,195,"",09:00:00,12:00:00,37.757743,55.57868,10:07:27,10:07:27,10:22:27
41,2,785,"",09:00:00,12:00:00,37.635142,55.617106,11:08:42,11:08:42,11:23:42
41,3,931,"",09:00:00,12:00:00,37.689214,55.637009,11:58:30,11:58:30,12:13:30
41,4,870,"",12:00:00,15:00:00,37.688276,55.628352,12:17:33,12:17:33,12:32:33
41,5,432,"",12:00:00,15:00:00,37.726648,55.681091,13:26:21,13:26:21,13:41:21
41,6,943,"",12:00:00,15:00:00,37.72422,55.73271,14:25:45,14:25:45,14:40:45
41,7,84,"",12:00:00,15:00:00,37.74851,55.724953,14:51:33,14:51:33,15:06:33
41,8,960,"",15:00:00,18:00:00,37.739341,55.731191,15:15:24,15:15:24,15:30:24
41,9,825,"",15:00:00,18:00:00,37.68954,55.568188,16:36:30,16:36:30,16:51:30
41,10,456,"",15:00:00,18:00:00,37.717716,55.586457,17:01:54,17:01:54,17:16:54
41,11,867,"",15:00:00,18:00:00,37.626076,55.560766,17:53:48,17:53:48,18:08:48
41,12,749,"",18:00:00,21:00:00,37.634499,55.562801,18:11:21,18:11:21,18:26:21
41,13,160,"",18:00:00,21:00:00,37.814308,55.771783,20:08:57,20:08:57,20:23:57
42,0,147,"",09:00:00,12:00:00,37.781544,55.57779,09:00:00,09:00:00,09:15:00
42,1,567,"",09:00:00,12:00:00,37.718191,55.589803,10:11:42,10:11:42,10:26:42
42,2,296,"",09:00:00,12:00:00,37.723828,55.646148,11:15:00,11:15:00,11:30:00
42,3,603,"",09:00:00,12:00:00,37.749353,55.657361,11:38:24,11:38:24,11:53:24
42,4,2,"",12:00:00,15:00:00,37.727382,55.649346,11:59:57,12:00:00,12:15:00
42,5,258,"",12:00:00,15:00:00,37.670715,55.758528,13:03:12,13:03:12,13:18:12
42,6,346,"",12:00:00,15:00:00,37.532049,55.674205,14:08:15,14:08:15,14:23:15
42,7,333,"",12:00:00,15:00:00,37.56397,55.669518,14:41:06,14:41:06,14:56:06
42,8,734,"",15:00:00,18:00:00,37.607097,55.665723,15:06:30,15:06:30,15:21:30
42,9,500,"",15:00:00,18:00:00,37.572986,55.772765,16:18:00,16:18:00,16:33:00
42,10,218,"",15:00:00,18:00:00,37.767683,55.702913,17:26:27,17:26:27,17:41:27
42,11,614,"",15:00:00,18:00:00,37.78825,55.694842,17:49:51,17:49:51,18:04:51
42,12,858,"",18:00:00,21:00:00,37.795333,55.690666,18:09:00,18:09:00,18:24:00
42,13,930,"",18:00:00,21:00:00,37.829897,55.649587,19:04:48,19:04:48,19:19:48
42,14,881,"",18:00:00,21:00:00,37.731855,55.610152,19:51:51,19:51:51,20:06:51
42,15,819,"",18:00:00,21:00:00,37.716552,55.619638,20:12:39,20:12:39,20:27:39
42,16,418,"",18:00:00,21:00:00,37.699081,55.632669,20:34:30,20:34:30,20:49:30
43,0,875,"",09:00:00,12:00:00,37.442586,55.810793,09:00:00,09:00:00,09:15:00
43,1,403,"",09:00:00,12:00:00,37.468782,55.823267,09:38:57,09:38:57,09:53:57
43,2,38,"",09:00:00,12:00:00,37.566466,55.741389,10:53:21,10:53:21,11:08:21
43,3,699,"",09:00:00,12:00:00,37.566919,55.733804,11:24:18,11:24:18,11:39:18
43,4,513,"",09:00:00,12:00:00,37.556848,55.742542,11:56:15,11:56:15,12:11:15
43,5,236,"",12:00:00,15:00:00,37.584049,55.718444,12:33:15,12:33:15,12:48:15
43,6,87,"",12:00:00,15:00:00,37.616757,55.764777,13:12:24,13:12:24,13:27:24
43,7,610,"",12:00:00,15:00:00,37.502351,55.745361,14:02:57,14:02:57,14:17:57
43,8,369,"",12:00:00,15:00:00,37.540661,55.728624,14:37:39,14:37:39,14:52:39
43,9,707,"",15:00:00,18:00:00,37.565002,55.734299,15:08:15,15:08:15,15:23:15
43,10,197,"",15:00:00,18:00:00,37.659719,55.640315,16:15:03,16:15:03,16:30:03
43,11,110,"",15:00:00,18:00:00,37.584662,55.610616,17:09:09,17:09:09,17:24:09
43,12,111,"",15:00:00,18:00:00,37.597003,55.627167,17:33:27,17:33:27,17:48:27
43,13,357,"",18:00:00,21:00:00,37.56897,55.642721,18:03:48,18:03:48,18:18:48
43,14,349,"",18:00:00,21:00:00,37.625235,55.673582,19:06:03,19:06:03,19:21:03
43,15,588,"",18:00:00,21:00:00,37.633771,55.613869,20:01:06,20:01:06,20:16:06
44,0,202,"",09:00:00,12:00:00,37.430221,55.625773,09:00:00,09:00:00,09:15:00
44,1,101,"",09:00:00,12:00:00,37.352007,55.867418,10:53:30,10:53:30,11:08:30
44,2,172,"",09:00:00,12:00:00,37.364598,55.844669,11:18:45,11:18:45,11:33:45
44,3,580,"",09:00:00,12:00:00,37.349466,55.823888,11:48:15,11:48:15,12:03:15
44,4,949,"",12:00:00,15:00:00,37.374587,55.800996,12:33:57,12:33:57,12:48:57
44,5,118,"",12:00:00,15:00:00,37.409962,55.813795,13:04:48,13:04:48,13:19:48
44,6,319,"",12:00:00,15:00:00,37.384821,55.76923,14:00:27,14:00:27,14:15:27
44,7,499,"",12:00:00,15:00:00,37.397158,55.773776,14:25:39,14:25:39,14:40:39
44,8,267,"",15:00:00,18:00:00,37.521339,55.85667,15:50:09,15:50:09,16:05:09
44,9,680,"",15:00:00,18:00:00,37.633458,55.893995,17:08:09,17:08:09,17:23:09
44,10,655,"",15:00:00,18:00:00,37.578066,55.914529,17:47:45,17:47:45,18:02:45
44,11,458,"",18:00:00,21:00:00,37.507476,55.919949,18:28:06,18:28:06,18:43:06
44,12,65,"",18:00:00,21:00:00,37.44478,55.759387,20:15:36,20:15:36,20:30:36
45,0,9,"",09:00:00,12:00:00,37.705851,55.578688,09:00:00,09:00:00,09:15:00
45,1,30,"",09:00:00,12:00:00,37.435757,55.623214,10:11:18,10:11:18,10:26:18
45,2,889,"",09:00:00,12:00:00,37.552876,55.586754,10:58:57,10:58:57,11:13:57
45,3,290,"",09:00:00,12:00:00,37.583707,55.577432,11:28:24,11:28:24,11:43:24
45,4,116,"",09:00:00,12:00:00,37.549756,55.560911,11:55:39,11:55:39,12:10:39
45,5,644,"",12:00:00,15:00:00,37.589407,55.570003,12:24:09,12:24:09,12:39:09
45,6,95,"",12:00:00,15:00:00,37.805703,55.621863,13:30:03,13:30:03,13:45:03
45,7,305,"",12:00:00,15:00:00,37.846138,55.589202,14:39:33,14:39:33,14:54:33
45,8,340,"",15:00:00,18:00:00,37.845861,55.571777,15:07:06,15:07:06,15:22:06
45,9,736,"",15:00:00,18:00:00,37.577563,55.83888,17:41:27,17:41:27,17:56:27
45,10,264,"",18:00:00,21:00:00,37.609947,55.888737,18:22:18,18:22:18,18:37:18
45,11,6,"",18:00:00,21:00:00,37.468572,55.846371,19:34:51,19:34:51,19:49:51
45,12,115,"",18:00:00,21:00:00,37.462129,55.852305,19:56:45,19:56:45,20:11:45
45,13,199,"",18:00:00,21:00:00,37.452327,55.862725,20:39:33,20:39:33,20:54:33
45,14,492,"",18:00:00,21:00:00,37.447862,55.860409,20:57:33,20:57:33,21:12:33
46,0,419,"",09:00:00,12:00:00,37.634804,55.919563,09:00:00,09:00:00,09:15:00
46,1,108,"",09:00:00,12:00:00,37.420363,55.90265,10:27:18,10:27:18,10:42:18
46,2,550,"",09:00:00,12:00:00,37.353467,55.903644,11:23:51,11:23:51,11:38:51
46,3,827,"",09:00:00,12:00:00,37.38179,55.906608,11:52:42,11:52:42,12:07:42
46,4,476,"",12:00:00,15:00:00,37.449399,55.864968,12:36:39,12:36:39,12:51:39
46,5,182,"",12:00:00,15:00:00,37.44926,55.915238,13:32:42,13:32:42,13:47:42
46,6,373,"",12:00:00,15:00:00,37.458573,55.903338,13:54:24,13:54:24,14:09:24
46,7,443,"",12:00:00,15:00:00,37.478467,55.918046,14:19:54,14:19:54,14:34:54
46,8,353,"",15:00:00,18:00:00,37.364314,55.919447,15:17:57,15:17:57,15:32:57
46,9,565,"",15:00:00,18:00:00,37.482818,55.561406,17:32:03,17:32:03,17:47:03
46,10,117,"",18:00:00,21:00:00,37.455951,55.560222,18:06:00,18:06:00,18:21:00
47,0,447,"",09:00:00,12:00:00,37.795949,55.742376,09:00:00,09:00:00,09:15:00
47,1,751,"",09:00:00,12:00:00,37.865878,55.666514,10:07:00,10:07:00,10:22:00
47,2,171,"",09:00:00,12:00:00,37.791456,55.651378,10:49:36,10:49:36,11:04:36
47,3,864,"",09:00:00,12:00:00,37.814464,55.669307,11:18:48,11:18:48,11:33:48
47,4,157,"",09:00:00,12:00:00,37.810594,55.653772,11:43:06,11:43:06,11:58:06
47,5,238,"",12:00:00,15:00:00,37.796003,55.656943,12:00:57,12:00:57,12:15:57
47,6,361,"",12:00:00,15:00:00,37.403838,55.572965,13:56:51,13:56:51,14:11:51
47,7,781,"",12:00:00,15:00:00,37.389778,55.591481,14:42:27,14:42:27,14:57:27
47,8,194,"",15:00:00,18:00:00,37.388746,55.583508,15:02:00,15:02:00,15:17:00
47,9,4,"",15:00:00,18:00:00,37.446453,55.740879,17:05:57,17:05:57,17:20:57
47,10,396,"",15:00:00,18:00:00,37.429716,55.738272,17:33:09,17:33:09,17:48:09
47,11,99,"",18:00:00,21:00:00,37.413696,55.753304,17:59:21,18:00:00,18:15:00
47,12,862,"",18:00:00,21:00:00,37.40256,55.707628,18:37:36,18:37:36,18:52:36
47,13,293,"",18:00:00,21:00:00,37.476053,55.894334,19:53:00,19:53:00,20:08:00
47,14,846,"",18:00:00,21:00:00,37.501612,55.91369,20:23:33,20:23:33,20:38:33
47,15,480,"",18:00:00,21:00:00,37.488582,55.902814,20:45:51,20:45:51,21:00:51
48,0,611,"",09:00:00,12:00:00,37.676431,55.850357,09:00:00,09:00:00,09:15:00
48,1,83,"",09:00:00,12:00:00,37.68178,55.867535,09:32:24,09:32:24,09:47:24
48,2,530,"",09:00:00,12:00:00,37.668588,55.897125,10:10:09,10:10:09,10:25:09
48,3,838,"",09:00:00,12:00:00,37.727376,55.890867,10:43:54,10:43:54,10:58:54
48,4,475,"",09:00:00,12:00:00,37.713274,55.888192,11:17:54,11:17:54,11:32:54
48,5,434,"",09:00:00,12:00:00,37.757852,55.882226,11:45:33,11:45:33,12:00:33
48,6,535,"",12:00:00,15:00:00,37.861902,55.817294,12:45:36,12:45:36,13:00:36
48,7,676,"",12:00:00,15:00:00,37.664537,55.79145,13:44:21,13:44:21,13:59:21
48,8,11,"",12:00:00,15:00:00,37.665707,55.772057,14:11:45,14:11:45,14:26:45
48,9,520,"",12:00:00,15:00:00,37.735717,55.790202,14:46:33,14:46:33,15:01:33
48,10,41,"",15:00:00,18:00:00,37.687697,55.814845,15:25:45,15:25:45,15:40:45
48,11,113,"",15:00:00,18:00:00,37.856519,55.912907,16:43:00,16:43:00,16:58:00
48,12,621,"",15:00:00,18:00:00,37.839908,55.914132,17:01:18,17:01:18,17:16:18
48,13,641,"",15:00:00,18:00:00,37.851494,55.915913,17:20:39,17:20:39,17:35:39
48,14,663,"",15:00:00,18:00:00,37.81718,55.907272,17:47:15,17:47:15,18:02:15
48,15,27,"",18:00:00,21:00:00,37.793951,55.918288,18:20:33,18:20:33,18:35:33
48,16,687,"",18:00:00,21:00:00,37.817624,55.898538,19:14:00,19:14:00,19:29:00
48,17,170,"",18:00:00,21:00:00,37.803116,55.899763,19:40:12,19:40:12,19:55:12
48,18,632,"",18:00:00,21:00:00,37.815706,55.90083,20:08:42,20:08:42,20:23:42
49,0,717,"",09:00:00,12:00:00,37.441083,55.754091,09:00:00,09:00:00,09:15:00
49,1,364,"",09:00:00,12:00:00,37.640332,55.637095,10:35:51,10:35:51,10:50:51
49,2,34,"",09:00:00,12:00:00,37.650152,55.681905,11:15:24,11:15:24,11:30:24
49,3,564,"",09:00:00,12:00:00,37.6804,55.686879,11:41:33,11:41:33,11:56:33
49,4,161,"",12:00:00,15:00:00,37.63747,55.690219,12:30:45,12:30:45,12:45:45
49,5,724,"",12:00:00,15:00:00,37.509961,55.675436,13:41:12,13:41:12,13:56:12
49,6,496,"",12:00:00,15:00:00,37.566512,55.68015,14:14:09,14:14:09,14:29:09
49,7,304,"",12:00:00,15:00:00,37.654981,55.667932,14:52:15,14:52:15,15:07:15
49,8,265,"",15:00:00,18:00:00,37.628143,55.674451,15:17:27,15:17:27,15:32:27
49,9,262,"",15:00:00,18:00:00,37.705281,55.625027,16:06:12,16:06:12,16:21:12
49,10,784,"",15:00:00,18:00:00,37.660742,55.812146,17:41:51,17:41:51,17:56:51
49,11,374,"",18:00:00,21:00:00,37.643425,55.805406,18:02:39,18:02:39,18:17:39
49,12,493,"",18:00:00,21:00:00,37.556528,55.792659,18:43:30,18:43:30,18:58:30
49,13,783,"",18:00:00,21:00:00,37.571203,55.834955,19:20:36,19:20:36,19:35:36
49,14,952,"",18:00:00,21:00:00,37.605573,55.889595,20:03:24,20:03:24,20:18:24
49,15,77,"",18:00:00,21:00:00,37.586173,55.894352,20:28:42,20:28:42,20:43:42
49,16,682,"",18:00:00,21:00:00,37.596052,55.90868,20:51:45,20:51:45,21:06:45
50,0,850,"",09:00:00,12:00:00,37.79028,55.623023,09:00:00,09:00:00,09:15:00
50,1,697,"",09:00:00,12:00:00,37.643092,55.705656,10:18:30,10:18:30,10:33:30
50,2,167,"",09:00:00,12:00:00,37.825394,55.7668,11:23:06,11:23:06,11:38:06
50,3,166,"",09:00:00,12:00:00,37.81049,55.785909,11:53:51,11:53:51,12:08:51
50,4,426,"",12:00:00,15:00:00,37.779072,55.821629,12:46:57,12:46:57,13:01:57
50,5,342,"",12:00:00,15:00:00,37.673713,55.758883,13:55:27,13:55:27,14:10:27
50,6,338,"",12:00:00,15:00:00,37.594517,55.705338,14:49:33,14:49:33,15:04:33
50,7,193,"",15:00:00,18:00:00,37.546322,55.766903,15:39:15,15:39:15,15:54:15
50,8,37,"",15:00:00,18:00:00,37.582373,55.774271,16:09:57,16:09:57,16:24:57
50,9,457,"",15:00:00,18:00:00,37.516044,55.872986,17:06:51,17:06:51,17:21:51
50,10,314,"",15:00:00,18:00:00,37.472646,55.867442,17:49:12,17:49:12,18:04:12
50,11,287,"",18:00:00,21:00:00,37.481118,55.861332,18:14:21,18:14:21,18:29:21
50,12,429,"",18:00:00,21:00:00,37.447852,55.753842,19:28:00,19:28:00,19:43:00
50,13,335,"",18:00:00,21:00:00,37.4178,55.76077,20:00:36,20:00:36,20:15:36
50,14,58,"",18:00:00,21:00:00,37.405594,55.765554,20:21:21,20:21:21,20:36:21
50,15,225,"",18:00:00,21:00:00,37.453058,55.765457,20:56:33,20:56:33,21:11:33
51,0,546,"",09:00:00,12:00:00,37.621383,55.898451,09:00:00,09:00:00,09:15:00
51,1,455,"",09:00:00,12:00:00,37.472647,55.917263,10:11:42,10:11:42,10:26:42
51,2,777,"",09:00:00,12:00:00,37.37535,55.852353,11:16:48,11:16:48,11:31:48
51,3,709,"",12:00:00,15:00:00,37.688365,55.851704,13:05:03,13:05:03,13:20:03
51,4,957,"",12:00:00,15:00:00,37.646029,55.855746,13:39:00,13:39:00,13:54:00
51,5,613,"",12:00:00,15:00:00,37.525844,55.89369,14:34:57,14:34:57,14:49:57
51,6,586,"",12:00:00,15:00:00,37.508318,55.885939,14:57:00,14:57:00,15:12:00
51,7,78,"",15:00:00,18:00:00,37.503093,55.872557,15:32:42,15:32:42,15:47:42
51,8,334,"",15:00:00,18:00:00,37.591923,55.660189,17:29:18,17:29:18,17:44:18
51,9,878,"",15:00:00,18:00:00,37.587344,55.648255,17:54:12,17:54:12,18:09:12
51,10,607,"",18:00:00,21:00:00,37.594017,55.650448,18:13:27,18:13:27,18:28:27
51,11,932,"",18:00:00,21:00:00,37.345685,55.66216,19:39:42,19:39:42,19:54:42
52,0,643,"",09:00:00,12:00:00,37.711225,55.689867,09:00:00,09:00:00,09:15:00
52,1,664,"",09:00:00,12:00:00,37.837047,55.567485,10:46:09,10:46:09,11:01:09
52,2,415,"",09:00:00,12:00:00,37.737339,55.589035,11:37:06,11:37:06,11:52:06
52,3,869,"",12:00:00,15:00:00,37.853916,55.5734,12:42:57,12:42:57,12:57:57
52,4,399,"",12:00:00,15:00:00,37.718997,55.591493,13:51:21,13:51:21,14:06:21
52,5,50,"",12:00:00,15:00:00,37.622913,55.576528,14:28:36,14:28:36,14:43:36
52,6,407,"",12:00:00,15:00:00,37.636953,55.586204,14:55:15,14:55:15,15:10:15
52,7,332,"",15:00:00,18:00:00,37.447392,55.59693,15:58:54,15:58:54,16:13:54
52,8,774,"",15:00:00,18:00:00,37.488465,55.648674,16:55:00,16:55:00,17:10:00
52,9,249,"",15:00:00,18:00:00,37.539693,55.671783,17:34:33,17:34:33,17:49:33
52,10,280,"",15:00:00,18:00:00,37.53877,55.679355,17:58:36,17:58:36,18:13:36
52,11,844,"",18:00:00,21:00:00,37.549118,55.694342,18:26:27,18:26:27,18:41:27
52,12,898,"",18:00:00,21:00:00,37.663116,55.724596,19:14:48,19:14:48,19:29:48
52,13,71,"",18:00:00,21:00:00,37.778315,55.716036,19:59:12,19:59:12,20:14:12
52,14,152,"",18:00:00,21:00:00,37.813019,55.716274,20:26:36,20:26:36,20:41:36
53,0,326,"",09:00:00,12:00:00,37.6982,55.727204,09:00:00,09:00:00,09:15:00
53,1,554,"",09:00:00,12:00:00,37.707224,55.788544,09:53:24,09:53:24,10:08:24
53,2,823,"",09:00:00,12:00:00,37.677307,55.818455,10:32:57,10:32:57,10:47:57
53,3,263,"",12:00:00,15:00:00,37.731922,55.832571,11:25:36,12:00:00,12:15:00
53,4,137,"",12:00:00,15:00:00,37.660875,55.774618,13:05:45,13:05:45,13:20:45
53,5,798,"",12:00:00,15:00:00,37.652093,55.850126,13:58:42,13:58:42,14:13:42
53,6,289,"",12:00:00,15:00:00,37.671979,55.850099,14:19:39,14:19:39,14:34:39
53,7,815,"",12:00:00,15:00:00,37.637285,55.87511,14:52:03,14:52:03,15:07:03
53,8,657,"",15:00:00,18:00:00,37.609348,55.830659,15:50:21,15:50:21,16:05:21
53,9,479,"",15:00:00,18:00:00,37.508898,55.858005,17:07:48,17:07:48,17:22:48
53,10,25,"",15:00:00,18:00:00,37.503945,55.872393,17:53:00,17:53:00,18:08:00
54,0,597,"",09:00:00,12:00:00,37.827574,55.892434,09:00:00,09:00:00,09:15:00
54,1,824,"",09:00:00,12:00:00,37.64745,55.878204,10:31:42,10:31:42,10:46:42
54,2,495,"",09:00:00,12:00:00,37.565775,55.897803,11:16:12,11:16:12,11:31:12
54,3,471,"",09:00:00,12:00:00,37.536786,55.911626,11:43:30,11:43:30,11:58:30
54,4,920,"",12:00:00,15:00:00,37.536611,55.890353,12:10:00,12:10:00,12:25:00
54,5,787,"",12:00:00,15:00:00,37.771357,55.675502,13:59:15,13:59:15,14:14:15
54,6,955,"",12:00:00,15:00:00,37.766378,55.67414,14:16:03,14:16:03,14:31:03
54,7,497,"",12:00:00,15:00:00,37.777169,55.678636,14:34:42,14:34:42,14:49:42
54,8,270,"",12:00:00,15:00:00,37.768787,55.682334,14:52:33,14:52:33,15:07:33
54,9,771,"",15:00:00,18:00:00,37.768209,55.686397,15:12:36,15:12:36,15:27:36
54,10,235,"",15:00:00,18:00:00,37.406798,55.866517,17:12:54,17:12:54,17:27:54
54,11,145,"",15:00:00,18:00:00,37.38588,55.886453,17:45:06,17:45:06,18:00:06
54,12,223,"",18:00:00,21:00:00,37.340604,55.910338,18:28:06,18:28:06,18:43:06
54,13,770,"",18:00:00,21:00:00,37.390015,55.913084,19:05:54,19:05:54,19:20:54
54,14,558,"",18:00:00,21:00:00,37.391556,55.914123,19:21:18,19:21:18,19:36:18
54,15,780,"",18:00:00,21:00:00,37.366249,55.896963,19:50:36,19:50:36,20:05:36
55,0,856,"",09:00:00,12:00:00,37.571702,55.711835,09:00:00,09:00:00,09:15:00
55,1,308,"",09:00:00,12:00:00,37.362848,55.611674,10:56:12,10:56:12,11:11:12
55,2,831,"",09:00:00,12:00:00,37.35661,55.622396,11:47:42,11:47:42,12:02:42
55,3,873,"",12:00:00,15:00:00,37.403695,55.622305,12:22:51,12:22:51,12:37:51
55,4,701,"",12:00:00,15:00:00,37.85109,55.701918,14:30:54,14:30:54,14:45:54
55,5,753,"",12:00:00,15:00:00,37.826234,55.701298,14:56:39,14:56:39,15:11:39
55,6,169,"",15:00:00,18:00:00,37.846985,55.680491,15:25:18,15:25:18,15:40:18
55,7,438,"",15:00:00,18:00:00,37.813093,55.665497,15:58:24,15:58:24,16:13:24
55,8,619,"",15:00:00,18:00:00,37.739125,55.582728,17:14:39,17:14:39,17:29:39
56,0,722,"",09:00:00,12:00:00,37.359631,55.813956,09:00:00,09:00:00,09:15:00
56,1,421,"",09:00:00,12:00:00,37.34947,55.809606,09:23:00,09:23:00,09:38:00
56,2,392,"",09:00:00,12:00:00,37.431127,55.842207,10:06:39,10:06:39,10:21:39
56,3,703,"",09:00:00,12:00:00,37.499595,55.885644,11:02:51,11:02:51,11:17:51
56,4,702,"",09:00:00,12:00:00,37.520966,55.914874,11:58:03,11:58:03,12:13:03
56,5,764,"",12:00:00,15:00:00,37.526635,55.910962,12:14:39,12:14:39,12:29:39
56,6,498,"",12:00:00,15:00:00,37.489602,55.866049,13:06:33,13:06:33,13:21:33
56,7,341,"",12:00:00,15:00:00,37.377785,55.901676,14:01:03,14:01:03,14:16:03
56,8,934,"",12:00:00,15:00:00,37.34354,55.881887,14:55:48,14:55:48,15:10:48
56,9,880,"",15:00:00,18:00:00,37.702568,55.918969,16:42:27,16:42:27,16:57:27
56,10,667,"",15:00:00,18:00:00,37.650671,55.911424,17:41:06,17:41:06,17:56:06
57,0,579,"",09:00:00,12:00:00,37.841147,55.71278,09:00:00,09:00:00,09:15:00
57,1,940,"",09:00:00,12:00:00,37.849738,55.755287,09:48:24,09:48:24,10:03:24
57,2,816,"",09:00:00,12:00:00,37.753962,55.774632,10:43:57,10:43:57,10:58:57
57,3,139,"",09:00:00,12:00:00,37.722619,55.745897,11:26:51,11:26:51,11:41:51
57,4,801,"",09:00:00,12:00:00,37.717394,55.742041,11:45:54,11:45:54,12:00:54
57,5,590,"",12:00:00,15:00:00,37.681994,55.729351,12:23:33,12:23:33,12:38:33
57,6,35,"",12:00:00,15:00:00,37.488759,55.782312,13:35:57,13:35:57,13:50:57
57,7,39,"",12:00:00,15:00:00,37.536217,55.790315,14:17:18,14:17:18,14:32:18
57,8,363,"",12:00:00,15:00:00,37.551333,55.778454,14:56:30,14:56:30,15:11:30
57,9,575,"",15:00:00,18:00:00,37.554719,55.784868,15:17:03,15:17:03,15:32:03
57,10,269,"",15:00:00,18:00:00,37.74568,55.8207,16:32:57,16:32:57,16:47:57
57,11,954,"",15:00:00,18:00:00,37.718773,55.777552,17:14:09,17:14:09,17:29:09
57,12,222,"",15:00:00,18:00:00,37.654123,55.764423,17:52:57,17:52:57,18:07:57
57,13,371,"",18:00:00,21:00:00,37.614326,55.749722,18:22:12,18:22:12,18:37:12
57,14,247,"",18:00:00,21:00:00,37.406656,55.802365,19:38:51,19:38:51,19:53:51
57,15,336,"",18:00:00,21:00:00,37.380858,55.809587,20:00:54,20:00:54,20:15:54
57,16,942,"",18:00:00,21:00:00,37.372807,55.771272,20:31:18,20:31:18,20:46:18
57,17,758,"",18:00:00,21:00:00,37.376453,55.777603,20:50:15,20:50:15,21:05:15
58,0,776,"",09:00:00,12:00:00,37.618414,55.566172,09:00:00,09:00:00,09:15:00
58,1,398,"",09:00:00,12:00:00,37.548665,55.653302,10:17:00,10:17:00,10:32:00
58,2,20,"",09:00:00,12:00:00,37.528445,55.657999,10:36:36,10:36:36,10:51:36
58,3,650,"",09:00:00,12:00:00,37.458378,55.657957,11:27:33,11:27:33,11:42:33
58,4,343,"",12:00:00,15:00:00,37.414499,55.664993,11:59:33,12:00:00,12:15:00
58,5,768,"",12:00:00,15:00:00,37.344412,55.659031,12:41:36,12:41:36,12:56:36
58,6,494,"",12:00:00,15:00:00,37.372006,55.693116,13:50:30,13:50:30,14:05:30
58,7,331,"",12:00:00,15:00:00,37.352833,55.719925,14:42:33,14:42:33,14:57:33
58,8,184,"",15:00:00,18:00:00,37.400206,55.655578,15:34:33,15:34:33,15:49:33
58,9,742,"",15:00:00,18:00:00,37.510937,55.599888,16:28:00,16:28:00,16:43:00
58,10,589,"",15:00:00,18:00:00,37.672572,55.601745,17:37:09,17:37:09,17:52:09
58,11,29,"",15:00:00,18:00:00,37.658914,55.594116,17:58:42,17:58:42,18:13:42
58,12,822,"",18:00:00,21:00:00,37.63554,55.62655,18:39:39,18:39:39,18:54:39
58,13,63,"",18:00:00,21:00:00,37.664066,55.637258,19:08:21,19:08:21,19:23:21
58,14,833,"",18:00:00,21:00:00,37.654066,55.644248,19:28:27,19:28:27,19:43:27
58,15,602,"",18:00:00,21:00:00,37.722293,55.625169,20:01:54,20:01:54,20:16:54
58,16,96,"",18:00:00,21:00:00,37.713427,55.63439,20:26:33,20:26:33,20:41:33
59,0,92,"",09:00:00,12:00:00,37.399877,55.638678,09:00:00,09:00:00,09:15:00
59,1,405,"",09:00:00,12:00:00,37.355109,55.699193,10:11:57,10:11:57,10:26:57
59,2,61,"",12:00:00,15:00:00,37.358492,55.687514,11:09:18,12:00:00,12:15:00
59,3,633,"",12:00:00,15:00:00,37.376854,55.708566,12:49:15,12:49:15,13:04:15
59,4,90,"",12:00:00,15:00:00,37.436974,55.834607,14:06:48,14:06:48,14:21:48
59,5,731,"",12:00:00,15:00:00,37.443799,55.870051,14:44:33,14:44:33,14:59:33
59,6,642,"",15:00:00,18:00:00,37.511743,55.869417,15:26:48,15:26:48,15:41:48
59,7,221,"",15:00:00,18:00:00,37.58862,55.891238,16:14:00,16:14:00,16:29:00
59,8,797,"",15:00:00,18:00:00,37.654832,55.74711,17:26:03,17:26:03,17:41:03
59,9,853,"",15:00:00,18:00:00,37.649089,55.727699,17:49:03,17:49:03,18:04:03
59,10,592,"",18:00:00,21:00:00,37.705728,55.677448,18:43:09,18:43:09,18:58:09
59,11,638,"",18:00:00,21:00:00,37.58722,55.765815,20:00:54,20:00:54,20:15:54
59,12,659,"",18:00:00,21:00:00,37.55762,55.74635,20:31:51,20:31:51,20:46:51
59,13,678,"",18:00:00,21:00:00,37.582351,55.759187,20:59:48,20:59:48,21:14:48
60,0,103,"",12:00:00,15:00:00,37.859157,55.840563,12:00:00,12:00:00,12:15:00
60,1,812,"",12:00:00,15:00:00,37.808336,55.693773,13:25:21,13:25:21,13:40:21
60,2,766,"",12:00:00,15:00:00,37.699059,55.645217,14:25:30,14:25:30,14:40:30
60,3,178,"",15:00:00,18:00:00,37.841674,55.752072,15:53:57,15:53:57,16:08:57
60,4,467,"",15:00:00,18:00:00,37.682373,55.8768,17:05:15,17:05:15,17:20:15
60,5,325,"",15:00:00,18:00:00,37.696958,55.902049,17:50:36,17:50:36,18:05:36
60,6,360,"",18:00:00,21:00:00,37.65737,55.89557,18:29:57,18:29:57,18:44:57
60,7,735,"",18:00:00,21:00:00,37.462899,55.908469,19:44:18,19:44:18,19:59:18
60,8,706,"",18:00:00,21:00:00,37.46501,55.911159,20:07:48,20:07:48,20:22:48
60,9,196,"",18:00:00,21:00:00,37.429934,55.914276,20:42:06,20:42:06,20:57:06
61,0,634,"",12:00:00,15:00:00,37.458172,55.571162,12:00:00,12:00:00,12:15:00
61,1,808,"",12:00:00,15:00:00,37.402741,55.632322,13:10:51,13:10:51,13:25:51
61,2,151,"",12:00:00,15:00:00,37.471353,55.640895,13:57:00,13:57:00,14:12:00
61,3,528,"",12:00:00,15:00:00,37.358195,55.609256,14:50:15,14:50:15,15:05:15
61,4,307,"",15:00:00,18:00:00,37.348383,55.628449,15:38:18,15:38:18,15:53:18
61,5,107,"",15:00:00,18:00:00,37.77795,55.743135,17:49:24,17:49:24,18:04:24
61,6,583,"",18:00:00,21:00:00,37.773384,55.743238,18:10:42,18:10:42,18:25:42
61,7,782,"",18:00:00,21:00:00,37.8531,55.802746,19:16:42,19:16:42,19:31:42
62,0,347,"",12:00:00,15:00:00,37.804168,55.65209,12:00:00,12:00:00,12:15:00
62,1,799,"",12:00:00,15:00:00,37.786488,55.664407,12:21:48,12:21:48,12:36:48
62,2,628,"",12:00:00,15:00:00,37.604716,55.649468,13:33:24,13:33:24,13:48:24
62,3,301,"",12:00:00,15:00:00,37.603904,55.661537,13:54:42,13:54:42,14:09:42
62,4,517,"",12:00:00,15:00:00,37.540985,55.630238,14:33:03,14:33:03,14:48:03
62,5,442,"",15:00:00,18:00:00,37.407001,55.634424,15:34:24,15:34:24,15:49:24
62,6,40,"",15:00:00,18:00:00,37.342017,55.565116,16:40:18,16:40:18,16:55:18
62,7,503,"",15:00:00,18:00:00,37.357753,55.56272,17:06:27,17:06:27,17:21:27
62,8,98,"",15:00:00,18:00:00,37.344857,55.587636,17:42:33,17:42:33,17:57:33
62,9,631,"",18:00:00,21:00:00,37.375114,55.599993,18:39:12,18:39:12,18:54:12
62,10,427,"",18:00:00,21:00:00,37.400729,55.620386,19:25:54,19:25:54,19:40:54
62,11,246,"",18:00:00,21:00:00,37.377801,55.624232,20:05:18,20:05:18,20:20:18
63,0,836,"",12:00:00,15:00:00,37.837414,55.908791,12:00:00,12:00:00,12:15:00
63,1,842,"",12:00:00,15:00:00,37.845769,55.808006,13:13:06,13:13:06,13:28:06
63,2,22,"",12:00:00,15:00:00,37.617031,55.812669,14:25:42,14:25:42,14:40:42
63,3,793,"",12:00:00,15:00:00,37.587156,55.830436,14:53:51,14:53:51,15:08:51
63,4,472,"",15:00:00,18:00:00,37.514234,55.894545,15:42:33,15:42:33,15:57:33
63,5,163,"",15:00:00,18:00:00,37.368595,55.78659,16:42:54,16:42:54,16:57:54
63,6,380,"",15:00:00,18:00:00,37.354728,55.844744,17:24:51,17:24:51,17:39:51
63,7,185,"",15:00:00,18:00:00,37.358994,55.859812,17:48:33,17:48:33,18:03:33
63,8,679,"",18:00:00,21:00:00,37.379193,55.839803,18:13:30,18:13:30,18:28:30
63,9,411,"",18:00:00,21:00:00,37.486214,55.587567,19:48:15,19:48:15,20:03:15
63,10,810,"",18:00:00,21:00:00,37.39404,55.570025,20:37:15,20:37:15,20:52:15
63,11,206,"",18:00:00,21:00:00,37.3789,55.572647,20:59:54,20:59:54,21:14:54
64,0,559,"",12:00:00,15:00:00,37.648393,55.912166,12:00:00,12:00:00,12:15:00
64,1,730,"",12:00:00,15:00:00,37.651104,55.901267,12:56:06,12:56:06,13:11:06
64,2,690,"",12:00:00,15:00:00,37.62255,55.886335,13:38:03,13:38:03,13:53:03
64,3,945,"",12:00:00,15:00:00,37.404845,55.875648,14:40:39,14:40:39,14:55:39
64,4,523,"",15:00:00,18:00:00,37.436154,55.814371,15:50:45,15:50:45,16:05:45
64,5,885,"",15:00:00,18:00:00,37.73025,55.771127,17:48:12,17:48:12,18:03:12
65,0,637,"",15:00:00,18:00:00,37.508042,55.898612,15:00:00,15:00:00,15:15:00
65,1,608,"",15:00:00,18:00:00,37.807083,55.919332,16:15:57,16:15:57,16:30:57
65,2,60,"",15:00:00,18:00:00,37.862264,55.892063,16:57:21,16:57:21,17:12:21
65,3,618,"",15:00:00,18:00:00,37.752599,55.913908,17:55:30,17:55:30,18:10:30
65,4,923,"",18:00:00,21:00:00,37.792456,55.915494,18:31:24,18:31:24,18:46:24
65,5,153,"",18:00:00,21:00:00,37.672426,55.823802,19:50:03,19:50:03,20:05:03
65,6,904,"",18:00:00,21:00:00,37.692116,55.831441,20:22:45,20:22:45,20:37:45
65,7,423,"",18:00:00,21:00:00,37.689967,55.826975,20:40:27,20:40:27,20:55:27
66,0,31,"",15:00:00,18:00:00,37.500809,55.711666,15:00:00,15:00:00,15:15:00
66,1,694,"",15:00:00,18:00:00,37.61433,55.788829,16:05:06,16:05:06,16:20:06
66,2,402,"",15:00:00,18:00:00,37.642115,55.77587,16:31:15,16:31:15,16:46:15
66,3,625,"",15:00:00,18:00:00,37.7102,55.787248,17:06:45,17:06:45,17:21:45
66,4,704,"",15:00:00,18:00:00,37.718917,55.765026,17:36:36,17:36:36,17:51:36
67,0,53,"",15:00:00,18:00:00,37.411976,55.678062,15:00:00,15:00:00,15:15:00
67,1,451,"",15:00:00,18:00:00,37.640765,55.56515,16:10:30,16:10:30,16:25:30
67,2,524,"",15:00:00,18:00:00,37.659229,55.636748,17:05:27,17:05:27,17:20:27
67,3,242,"",15:00:00,18:00:00,37.660312,55.597064,17:45:27,17:45:27,18:00:27
67,4,539,"",18:00:00,21:00:00,37.692678,55.639825,18:27:09,18:27:09,18:42:09
67,5,660,"",18:00:00,21:00:00,37.59608,55.687315,19:14:24,19:14:24,19:29:24
67,6,452,"",18:00:00,21:00:00,37.583289,55.61703,20:01:33,20:01:33,20:16:33
67,7,351,"",18:00:00,21:00:00,37.561897,55.619146,20:23:00,20:23:00,20:38:00
67,8,600,"",18:00:00,21:00:00,37.593001,55.627426,20:50:03,20:50:03,21:05:03
68,0,879,"",15:00:00,18:00:00,37.484546,55.680289,15:00:00,15:00:00,15:15:00
68,1,459,"",15:00:00,18:00:00,37.508447,55.717405,15:37:57,15:37:57,15:52:57
68,2,463,"",15:00:00,18:00:00,37.530256,55.741167,16:18:45,16:18:45,16:33:45
68,3,570,"",15:00:00,18:00:00,37.507776,55.786134,17:02:18,17:02:18,17:17:18
68,4,227,"",15:00:00,18:00:00,37.543205,55.853623,17:55:33,17:55:33,18:10:33
69,0,306,"",15:00:00,18:00:00,37.385666,55.713708,15:00:00,15:00:00,15:15:00
69,1,859,"",15:00:00,18:00:00,37.399614,55.804432,15:42:45,15:42:45,15:57:45
69,2,917,"",15:00:00,18:00:00,37.423122,55.885251,16:34:15,16:34:15,16:49:15
69,3,102,"",15:00:00,18:00:00,37.470062,55.809644,17:30:30,17:30:30,17:45:30
70,0,677,"",15:00:00,18:00:00,37.771634,55.647345,15:00:00,15:00:00,15:15:00
70,1,17,"",15:00:00,18:00:00,37.71433,55.597099,16:00:33,16:00:33,16:15:33
70,2,241,"",15:00:00,18:00:00,37.848462,55.642912,16:57:24,16:57:24,17:12:24
70,3,919,"",15:00:00,18:00:00,37.82538,55.742146,17:58:42,17:58:42,18:13:42
70,4,505,"",18:00:00,21:00:00,37.866102,55.71588,18:43:51,18:43:51,18:58:51
70,5,936,"",18:00:00,21:00:00,37.746685,55.712321,19:42:42,19:42:42,19:57:42
70,6,252,"",18:00:00,21:00:00,37.750072,55.710812,19:59:09,19:59:09,20:14:09
70,7,868,"",18:00:00,21:00:00,37.778662,55.698263,20:23:36,20:23:36,20:38:36
70,8,944,"",18:00:00,21:00:00,37.730964,55.716492,20:54:45,20:54:45,21:09:45
71,0,964,"",15:00:00,18:00:00,37.710832,55.831587,15:00:00,15:00:00,15:15:00
71,1,562,"",15:00:00,18:00:00,37.637775,55.8529,16:03:24,16:03:24,16:18:24
71,2,848,"",15:00:00,18:00:00,37.556744,55.838138,16:50:00,16:50:00,17:05:00
71,3,547,"",15:00:00,18:00:00,37.727238,55.875094,17:55:06,17:55:06,18:10:06
71,4,461,"",18:00:00,21:00:00,37.869435,55.902144,18:57:21,18:57:21,19:12:21
71,5,133,"",18:00:00,21:00:00,37.86214,55.901528,19:18:12,19:18:12,19:33:12
71,6,773,"",18:00:00,21:00:00,37.846553,55.875908,20:46:12,20:46:12,21:01:12
72,0,549,"",15:00:00,18:00:00,37.392925,55.614584,15:00:00,15:00:00,15:15:00
72,1,317,"",15:00:00,18:00:00,37.38892,55.614532,15:19:15,15:19:15,15:34:15
72,2,309,"",15:00:00,18:00:00,37.444794,55.662618,16:05:27,16:05:27,16:20:27
72,3,627,"",15:00:00,18:00:00,37.553773,55.66771,16:56:15,16:56:15,17:11:15
72,4,700,"",15:00:00,18:00:00,37.569542,55.654836,17:20:06,17:20:06,17:35:06
72,5,445,"",15:00:00,18:00:00,37.604939,55.657919,17:46:27,17:46:27,18:01:27
72,6,154,"",18:00:00,21:00:00,37.58925,55.657356,18:09:57,18:09:57,18:24:57
72,7,453,"",18:00:00,21:00:00,37.830862,55.591811,19:44:03,19:44:03,19:59:03
72,8,312,"",18:00:00,21:00:00,37.838055,55.590374,20:13:51,20:13:51,20:28:51
72,9,740,"",18:00:00,21:00:00,37.850904,55.597286,20:50:36,20:50:36,21:05:36
73,0,689,"",15:00:00,18:00:00,37.454352,55.857865,15:00:00,15:00:00,15:15:00
73,1,540,"",15:00:00,18:00:00,37.403072,55.904142,15:46:18,15:46:18,16:01:18
73,2,913,"",15:00:00,18:00:00,37.467118,55.881617,16:32:42,16:32:42,16:47:42
73,3,372,"",15:00:00,18:00:00,37.521162,55.899165,17:08:45,17:08:45,17:23:45
73,4,482,"",15:00:00,18:00:00,37.567883,55.854503,17:52:51,17:52:51,18:07:51
73,5,515,"",18:00:00,21:00:00,37.589738,55.857389,18:17:24,18:17:24,18:32:24
73,6,46,"",18:00:00,21:00:00,37.643486,55.813156,19:00:57,19:00:57,19:15:57
73,7,555,"",18:00:00,21:00:00,37.437257,55.782131,20:14:03,20:14:03,20:29:03
73,8,501,"",18:00:00,21:00:00,37.443369,55.757446,20:58:21,20:58:21,21:13:21
